FALSE,30008,2000,Buckner R L,Brain,1,Visual Word Stem Completion vs. Fixation,"Cognition.Language.Phonology,Cognition.Language.Speech",7
TRUE,30008,2000,Buckner R L,Brain,2,Word Stem Completion + Verb Generation,"Cognition.Language.Phonology,Cognition.Language.Semantics,Cognition.Language.Speech",7
FALSE,30008,2000,Buckner R L,Brain,3,Auditory Word Stem Completion vs. Fixation,"Cognition.Language.Phonology,Cognition.Language.Speech",7
TRUE,30009,1998,Buckner R L,NeuroImage,1,"Recognition - Fixation, Increases",Cognition.Memory.Explicit,53
FALSE,30009,1998,Buckner R L,NeuroImage,2,"Recognition - Fixation, Decreases",Cognition.Memory.Explicit,31
FALSE,30014,2001,Dade L A,NeuroImage,1,Odor Working Memory - Baseline,"Perception.Olfaction,Cognition.Memory.Working",18
TRUE,30014,2001,Dade L A,NeuroImage,2,Face Working Memory - Baseline,Cognition.Memory.Working,24
FALSE,30014,2001,Dade L A,NeuroImage,3,Conjunction Analysis,Cognition.Memory.Working,10
TRUE,30051,1998,Owen A M,Proceedings of the National Academy of Sciences,1,Spatial Working Memory vs. Control,Cognition.Memory.Working,12
TRUE,30051,1998,Owen A M,Proceedings of the National Academy of Sciences,2,Nonspatial Working Memory vs. Control,Cognition.Memory.Working,10
FALSE,30126,1994,Decety J,Nature,1,Movement Observation - Visual Inspection,Action.Observation,32
FALSE,30126,1994,Decety J,Nature,2,Movement Observation - Motor Imagery,Action.Observation,32
FALSE,30126,1994,Decety J,Nature,3,Motor Imagery - Visual Inspection,Action.Imagination,34
TRUE,30126,1994,Decety J,Nature,4,Motor Imagery - Movement Observation,Action.Imagination,52
TRUE,30133,2002,Gandour J,Journal of Cognitive Neuroscience,1,"Pitch, Pseudowords - Pitch, Hums, Thai subjects",Cognition.Language.Speech,1
FALSE,30133,2002,Gandour J,Journal of Cognitive Neuroscience,2,"Pitch, Pseudowords - Pitch, Hums, Chinese subjects",Cognition.Language.Speech,1
FALSE,30133,2002,Gandour J,Journal of Cognitive Neuroscience,3,"Duration, Pseudowords - Duration, Hums, Thai subjects",Cognition.Language.Speech,5
FALSE,30133,2002,Gandour J,Journal of Cognitive Neuroscience,4,"Duration, Pseudowords - Duration, Hums, Chinese subjects",Cognition.Language.Speech,2
FALSE,30133,2002,Gandour J,Journal of Cognitive Neuroscience,5,"Pitch, Hums - Passive Listening, Thai subjects",Perception.Audition,3
FALSE,30133,2002,Gandour J,Journal of Cognitive Neuroscience,6,"Pitch, Hums - Passive Listening, Chinese subjects",Perception.Audition,5
FALSE,30133,2002,Gandour J,Journal of Cognitive Neuroscience,7,"Duration, Hums - Passive Listening, Thai subjects",Perception.Audition,5
FALSE,30133,2002,Gandour J,Journal of Cognitive Neuroscience,8,"Duration, Hums - Passive Listening, Chinese subjects",Perception.Audition,5
FALSE,30133,2002,Gandour J,Journal of Cognitive Neuroscience,9,"Pitch, Pseudowords - Pitch, Hums, Thai and Chinese subjects",Cognition.Language.Speech,3
FALSE,30133,2002,Gandour J,Journal of Cognitive Neuroscience,10,"Duration, Pseudowords - Duration, Hums, Thai and Chinese subjects",Cognition.Language.Speech,3
TRUE,30200,1999,Shen L,Human Brain Mapping,1,Common Activation,"Cognition.Memory.Working,Perception.Vision.Shape",28
FALSE,30200,1999,Shen L,Human Brain Mapping,2,Visual Recognition > Spatial Recognition,Perception.Vision.Shape,14
FALSE,30200,1999,Shen L,Human Brain Mapping,3,Spatial Recognition > Visual Recognition,Perception.Vision.Shape,12
FALSE,30200,1999,Shen L,Human Brain Mapping,4,Common Deactivation,"Cognition.Memory.Working,Perception.Vision.Shape",8
TRUE,30224,2002,Rossell S L,Brain and Language,1,Areas of Activation During Lexical Visual Field Performance for Males,Cognition.Language.Semantics,7
FALSE,30224,2002,Rossell S L,Brain and Language,2,Areas of Activation During Lexical Visual Field Performance for Females,Cognition.Language.Semantics,8
FALSE,30224,2002,Rossell S L,Brain and Language,3,Greater Activation in Males,Cognition.Language.Semantics,3
FALSE,30224,2002,Rossell S L,Brain and Language,4,Greater Activation in Females,Cognition.Language.Semantics,3
FALSE,30226,2001,Rubia K,NeuroImage,1,Generic Go/No-Go Activation,"Cognition.Attention,Action.Inhibition",12
FALSE,30226,2001,Rubia K,NeuroImage,2,Generic Stop Activation,"Cognition.Attention,Action.Inhibition",6
FALSE,30226,2001,Rubia K,NeuroImage,3,Activation Common to All Go/No-Go and Stop Task Versions,"Cognition.Attention,Action.Inhibition",9
TRUE,30226,2001,Rubia K,NeuroImage,4,Differences Between Generic Go/No-Go and Stop Task Activations,"Action.Inhibition,Cognition.Attention",3
TRUE,30335,2003,Ueda K,Neuroreport,1,"Expected vs. Unexpected, Pleasant",Emotion.Other,3
FALSE,30335,2003,Ueda K,Neuroreport,2,"Expected vs. Unexpected, Neutral",Emotion.Other,3
FALSE,30335,2003,Ueda K,Neuroreport,3,"Expected vs. Unexpected, Unpleasant",Emotion.Other,8
TRUE,30360,1999,Peterson B S,Biological Psychiatry,1,Incongruent vs. Congruent (Increases),Cognition.Attention,40
FALSE,30360,1999,Peterson B S,Biological Psychiatry,2,Incongruent vs. Congruent (Decreases),Cognition.Attention,50
TRUE,30376,1998,Curtis V A,American Journal of Psychiatry,1,"Word Generation > Repetition, Normal Subjects",Cognition.Language.Speech,9
FALSE,30376,1998,Curtis V A,American Journal of Psychiatry,2,"Word Generation > Repetition, Schizophrenic Subjects",Cognition.Language.Speech,8
FALSE,30376,1998,Curtis V A,American Journal of Psychiatry,3,"Word Repetition > Generation, Normal Subjects",Cognition.Language.Speech,7
FALSE,30376,1998,Curtis V A,American Journal of Psychiatry,4,"Word Repetition > Generation, Schizophrenic Subjects",Cognition.Language.Speech,3
FALSE,30387,2003,Gruber O,NeuroImage,1,"Verbal Working Memory, Absence of Articulatory Suppression, Verbal Rehearsal",Cognition.Memory.Working,1
FALSE,30387,2003,Gruber O,NeuroImage,2,"Verbal Working Memory, Absence of Articulatory Suppression, Effects of Articulatory Suppression",Cognition.Memory.Working,1
FALSE,30387,2003,Gruber O,NeuroImage,3,"Verbal Working Memory, Absence of Articulatory Suppression, Silent Articulations",Cognition.Memory.Working,1
FALSE,30387,2003,Gruber O,NeuroImage,4,"Verbal Working Memory, Absence of Articulatory Suppression, Phonological Storage",Cognition.Memory.Working,9
FALSE,30387,2003,Gruber O,NeuroImage,5,"Verbal Working Memory, Under Articulatory Suppression, Effects of Articulatory Suppression",Cognition.Memory.Working,8
FALSE,30387,2003,Gruber O,NeuroImage,6,"Verbal Working Memory, Independent of or Enhanced by Articulatory Suppression, Verbal Rehearsal",Cognition.Memory.Working,14
FALSE,30387,2003,Gruber O,NeuroImage,7,"Verbal Working Memory, Independent of or Enhanced by Articulatory Suppression, Phonological Storage",Cognition.Memory.Working,13
FALSE,30387,2003,Gruber O,NeuroImage,8,"Verbal Working Memory, Independent of or Enhanced by Articulatory Suppression, Art. Suppression",Cognition.Memory.Working,3
FALSE,30387,2003,Gruber O,NeuroImage,9,"Verbal Working Memory, Independent of or Enhanced by Articulatory Suppression, Silent Articulations",Cognition.Memory.Working,1
FALSE,30387,2003,Gruber O,NeuroImage,10,"Visuospatial Working Memory, Visuospatial Rehearsal",Cognition.Memory.Working,11
FALSE,30387,2003,Gruber O,NeuroImage,11,"Visuospatial Working Memory, Visual Pattern Storage",Cognition.Memory.Working,11
TRUE,30387,2003,Gruber O,NeuroImage,12,"Visuospatial Working Memory, Effects of Visuospatial Suppression on Memory-Related Activations",Cognition.Memory.Working,11
TRUE,30387,2003,Gruber O,NeuroImage,13,"Visuospatial Working Memory, Eye Tracking",Cognition.Memory.Working,11
FALSE,30387,2003,Gruber O,NeuroImage,14,"Visuospatial Working Memory, Absence of Visuospatial Suppression, Visuospatial Rehearsal",Cognition.Memory.Working,4
FALSE,30387,2003,Gruber O,NeuroImage,15,"Visuospatial Working Memory, Absence of Visuospatial Suppression, Effects of Visuospatial Suppr.",Cognition.Memory.Working,4
FALSE,30387,2003,Gruber O,NeuroImage,16,"Visuospatial Working Memory, Absence of Visuospatial Suppression, Eye Tracking",Cognition.Memory.Working,4
FALSE,30387,2003,Gruber O,NeuroImage,17,"Visuospatial Working Memory, Independent of Visuospatial Suppression, Visuospatial Rehearsal",Cognition.Memory.Working,5
FALSE,30387,2003,Gruber O,NeuroImage,18,"Visuospatial Working Memory, Independent of Visuospatial Suppression, Visual Pattern Storage",Cognition.Memory.Working,5
FALSE,30423,1997,Brammer M J,Magnetic Resonance Imaging,1,Auditory-Verbal Stimulation - Control,Cognition.Language.Speech,6
TRUE,30423,1997,Brammer M J,Magnetic Resonance Imaging,2,Covert Verbal Fluency - Control,Cognition.Language.Speech,6
TRUE,30432,1999,Curtis V A,Schizophrenia Research,1,"Semantic Decision - Control, Normals",Cognition.Language.Semantics,18
FALSE,30432,1999,Curtis V A,Schizophrenia Research,2,"Semantic Decision - Control, Schizophrenics",Cognition.Language.Semantics,19
FALSE,30432,1999,Curtis V A,Schizophrenia Research,3,Normals vs. Patients,Cognition.Language.Semantics,11
FALSE,30432,1999,Curtis V A,Schizophrenia Research,4,Group x Task Interactions,"Cognition.Language.Semantics,Cognition.Language.Speech",12
FALSE,30433,1998,D'Esposito M,NeuroImage,1,"Verbal Task, AA",Cognition.Memory.Working,2
FALSE,30433,1998,D'Esposito M,NeuroImage,2,"Spatial Task, AA",Cognition.Memory.Working,1
FALSE,30433,1998,D'Esposito M,NeuroImage,3,"Verbal Task, CA",Cognition.Memory.Working,1
FALSE,30433,1998,D'Esposito M,NeuroImage,4,"Spatial Task, CA",Cognition.Memory.Working,1
FALSE,30433,1998,D'Esposito M,NeuroImage,5,"Verbal Task, KH",Cognition.Memory.Working,1
FALSE,30433,1998,D'Esposito M,NeuroImage,6,"Spatial Task, KH",Cognition.Memory.Working,1
FALSE,30433,1998,D'Esposito M,NeuroImage,7,"Verbal Task, AM",Cognition.Memory.Working,1
FALSE,30433,1998,D'Esposito M,NeuroImage,8,"Spatial Task, AM",Cognition.Memory.Working,1
TRUE,30433,1998,D'Esposito M,NeuroImage,9,"Verbal Task, CM",Cognition.Memory.Working,2
FALSE,30433,1998,D'Esposito M,NeuroImage,10,"Spatial Task, CM",Cognition.Memory.Working,2
FALSE,30433,1998,D'Esposito M,NeuroImage,11,"Verbal Task, HT",Cognition.Memory.Working,2
FALSE,30433,1998,D'Esposito M,NeuroImage,12,"Spatial Task, HT",Cognition.Memory.Working,1
FALSE,30433,1998,D'Esposito M,NeuroImage,13,"Verbal Task, RK",Cognition.Memory.Working,2
FALSE,30433,1998,D'Esposito M,NeuroImage,14,"Spatial Task, RK",Cognition.Memory.Working,2
FALSE,30433,1998,D'Esposito M,NeuroImage,15,"Verbal Task, DB",Cognition.Memory.Working,2
FALSE,30433,1998,D'Esposito M,NeuroImage,16,"Spatial Task, DB",Cognition.Memory.Working,2
FALSE,4020014,2002,Ragland J D,Neuropsychology,1,Letter 1Back - 0Back,Cognition.Memory.Working,6
FALSE,4020014,2002,Ragland J D,Neuropsychology,2,Fractal 1Back - 0Back,Cognition.Memory.Working,5
FALSE,4020014,2002,Ragland J D,Neuropsychology,3,Letter 2Back - 0Back,Cognition.Memory.Working,7
FALSE,4020014,2002,Ragland J D,Neuropsychology,4,Fractal 2Back - 0Back,Cognition.Memory.Working,9
FALSE,4020014,2002,Ragland J D,Neuropsychology,5,"2Back - 0Back, Letter - Fractal",Cognition.Memory.Working,1
TRUE,4020014,2002,Ragland J D,Neuropsychology,6,Letter 2Back - 1Back,Cognition.Memory.Working,10
FALSE,4020014,2002,Ragland J D,Neuropsychology,7,Fractal 2Back - 1Back,Cognition.Memory.Working,6
TRUE,4040023,1999,Burton H,Cerebral Cortex,1,"Passive Stimulation, Counting vs. Rest",Perception.Somesthesis,5
FALSE,4040023,1999,Burton H,Cerebral Cortex,2,"Attention Tasks vs. Passive Stimulation, Counting","Cognition.Attention,Perception.Somesthesis",11
FALSE,5040045,2001,Becerra L R,Neuron,1,"(Warm + Noxious) - Baseline, Early Phase",Perception.Somesthesis.Pain,31
FALSE,5040045,2001,Becerra L R,Neuron,2,"Warm - Baseline, Early Phase",Perception.Somesthesis,4
TRUE,5040045,2001,Becerra L R,Neuron,3,"(Warm + Noxious) - Baseline, Late Phase Increases",Perception.Somesthesis.Pain,9
FALSE,5040045,2001,Becerra L R,Neuron,4,"(Warm + Noxious) - Baseline, Late Phase Decreases",Perception.Somesthesis.Pain,50
FALSE,5040045,2001,Becerra L R,Neuron,5,"Warm - Baseline, Late Phase",Perception.Somesthesis,1
TRUE,5070117,2003,van Dijk P,Hearing Research,1,Simultaneous Masking vs. Baseline,Perception.Audition,12
FALSE,5070117,2003,van Dijk P,Hearing Research,2,Backwards Masking vs. Baseline,Perception.Audition,9
FALSE,5070117,2003,van Dijk P,Hearing Research,3,Simultaneous Masking vs. Backwards Masking,"Perception.Audition,Cognition.Attention",5
FALSE,5070117,2003,van Dijk P,Hearing Research,4,Backwards Masking vs. Simultaneous Masking,"Perception.Audition,Cognition.Attention",3
TRUE,5070156,2004,Monchi O,Journal of Neuroscience,1,"Receiving Negative Feedback - Control Feedback, Normals","Cognition.Reasoning,Cognition.Attention",17
FALSE,5070156,2004,Monchi O,Journal of Neuroscience,2,"Receiving Negative Feedback - Control Feedback, Patients","Cognition.Reasoning,Cognition.Attention",11
FALSE,5070156,2004,Monchi O,Journal of Neuroscience,3,"Control Feedback - Receiving Negative Feedback, Normals","Cognition.Reasoning,Cognition.Attention",8
FALSE,5070156,2004,Monchi O,Journal of Neuroscience,4,"Control Feedback - Receiving Negative Feedback, Patients","Cognition.Reasoning,Cognition.Attention",8
FALSE,5070156,2004,Monchi O,Journal of Neuroscience,5,"Matching After Negative Feedback - Control Matching, Normals","Cognition.Reasoning,Cognition.Attention",8
FALSE,5070156,2004,Monchi O,Journal of Neuroscience,6,"Matching After Negative Feedback - Control Matching, Patients","Cognition.Reasoning,Cognition.Attention",10
FALSE,5070156,2004,Monchi O,Journal of Neuroscience,7,"Control Matching - Matching After Negative Feedback, Normals","Cognition.Reasoning,Cognition.Attention",1
TRUE,5070156,2004,Monchi O,Journal of Neuroscience,8,"Receiving Positive Feedback - Control Feedback, Normals","Cognition.Reasoning,Cognition.Attention",7
FALSE,5070156,2004,Monchi O,Journal of Neuroscience,9,"Receiving Positive Feedback - Control Feedback, Patients","Cognition.Reasoning,Cognition.Attention",11
FALSE,5070156,2004,Monchi O,Journal of Neuroscience,10,"Control Feedback - Receiving Positive Feedback, Normals","Cognition.Reasoning,Cognition.Attention",1
FALSE,5070156,2004,Monchi O,Journal of Neuroscience,11,"Control Feedback - Receiving Positive Feedback, Patients","Cognition.Reasoning,Cognition.Attention",1
FALSE,5070156,2004,Monchi O,Journal of Neuroscience,12,"Matching After Positive Feedback - Control Matching, Normals","Cognition.Reasoning,Cognition.Attention",2
FALSE,5070156,2004,Monchi O,Journal of Neuroscience,13,"Matching After Positive Feedback - Control Matching, Patients","Cognition.Reasoning,Cognition.Attention",1
FALSE,5070156,2004,Monchi O,Journal of Neuroscience,14,"Control Matching - Matching After Positive Feedback, Normals","Cognition.Reasoning,Cognition.Attention",1
FALSE,5070156,2004,Monchi O,Journal of Neuroscience,15,"Control Matching - Matching After Positive Feedback, Patients","Cognition.Reasoning,Cognition.Attention",1
FALSE,5070158,1996,Nagahama Y,Brain,1,"Matching, Number","Cognition.Attention,Action.Execution",14
FALSE,5070158,1996,Nagahama Y,Brain,2,"Matching, Color","Cognition.Attention,Action.Execution",19
FALSE,5070158,1996,Nagahama Y,Brain,3,"Matching, Shape","Cognition.Attention,Action.Execution",30
FALSE,5070158,1996,Nagahama Y,Brain,4,Matching vs. Rest,"Cognition.Attention,Action.Execution",19
FALSE,5070158,1996,Nagahama Y,Brain,5,"MCST vs. Matching, Number","Cognition.Reasoning,Cognition.Attention",27
TRUE,5070158,1996,Nagahama Y,Brain,6,"MCST vs. Matching, Color","Cognition.Reasoning,Cognition.Attention",10
FALSE,5070158,1996,Nagahama Y,Brain,7,"MCST vs. Matching, Shape","Cognition.Reasoning,Cognition.Attention",22
FALSE,5070158,1996,Nagahama Y,Brain,8,MCST vs. Matching,"Cognition.Reasoning,Cognition.Attention",30
TRUE,5080180,2003,Delazer M,Cognitive Brain Research,1,Fact Retrieval vs. Number Matching,Cognition.Other,14
FALSE,5080180,2003,Delazer M,Cognitive Brain Research,2,Untrained Multiplication Set vs. Number Matching,Cognition.Other,13
FALSE,5080180,2003,Delazer M,Cognitive Brain Research,3,Untrained vs. Trained Multiplication Set,Cognition.Other,5
FALSE,5080180,2003,Delazer M,Cognitive Brain Research,4,Trained vs. Untrained Multiplication Set,Cognition.Other,8
FALSE,5080183,2004,Kuo W J,NeuroImage,1,Homophone Judgement > Character Form Judgement,Cognition.Language.Phonology,16
FALSE,5080183,2004,Kuo W J,NeuroImage,2,Homophone Judgement > Pseudo-Character Form Judgement,Cognition.Language.Phonology,13
TRUE,5080183,2004,Kuo W J,NeuroImage,3,Homophone Judgement > Figure Form Judgement,Cognition.Language.Phonology,12
FALSE,5080183,2004,Kuo W J,NeuroImage,4,Character Form Judgement > Pseudo-Character Form Judgement,Cognition.Language.Orthography,2
FALSE,5080183,2004,Kuo W J,NeuroImage,5,Character Form Judgement > Figure Form Judgement,Cognition.Language.Orthography,1
FALSE,5080183,2004,Kuo W J,NeuroImage,6,Pseudo-Character Form Judgement > Character Form Judgement,Cognition.Language.Orthography,1
FALSE,5080183,2004,Kuo W J,NeuroImage,7,Figure Form Judgement > Character Form Judgement,Cognition.Language.Orthography,12
FALSE,5080183,2004,Kuo W J,NeuroImage,8,Figure Form Judgement > Pseudo-Character Form Judgement,Cognition.Language.Orthography,13
FALSE,5080192,2004,Siok W T,Nature,1,"Normal Readers, Homophone Judgement",Cognition.Language.Phonology,12
TRUE,5080192,2004,Siok W T,Nature,2,"Normal Readers, Lexical Decision",Cognition.Language.Semantics,17
FALSE,5080192,2004,Siok W T,Nature,3,"Reading-Impaired Readers, Homophone Judgement",Cognition.Language.Phonology,25
FALSE,5080192,2004,Siok W T,Nature,4,"Reading-Impaired Readers, Lexical Decision",Cognition.Language.Semantics,27
FALSE,5080192,2004,Siok W T,Nature,5,"Normal > Impaired Readers, Homophone Judgement",Cognition.Language.Phonology,1
FALSE,5080192,2004,Siok W T,Nature,6,"Normal > Impaired Readers, Lexical Decision",Cognition.Language.Semantics,5
FALSE,5080192,2004,Siok W T,Nature,7,"Impaired > Normal Readers, Homophone Judgement",Cognition.Language.Phonology,1
FALSE,5080192,2004,Siok W T,Nature,8,"Impaired > Normal Readers, Lexical Decision",Cognition.Language.Semantics,1
FALSE,5080200,1998,Kosslyn S M,Psychophysiology,1,Cubes vs. Cubes Baseline,"Cognition.Space,Perception.Vision.Shape",8
TRUE,5080200,1998,Kosslyn S M,Psychophysiology,2,Hands vs. Hands Baseline,"Cognition.Space,Perception.Vision.Shape,Cognition.Soma",9
FALSE,5080200,1998,Kosslyn S M,Psychophysiology,3,Hands - Hands Baseline vs. Cubes - Cubes Baseline,"Perception.Vision.Shape,Cognition.Space,Cognition.Soma",4
FALSE,5080201,2005,Podzebenko K,Journal of Cognitive Neuroscience,1,Stationary Alphanumerics - Rest,"Cognition.Space,Perception.Vision.Shape",11
FALSE,5080201,2005,Podzebenko K,Journal of Cognitive Neuroscience,2,Rotating Alphanumerics - Rest,"Cognition.Space,Perception.Vision.Shape",15
TRUE,5080201,2005,Podzebenko K,Journal of Cognitive Neuroscience,3,Stationary Abstracts - Rest,Perception.Vision.Shape,19
FALSE,5080201,2005,Podzebenko K,Journal of Cognitive Neuroscience,4,Rotating Alphanumerics - Stationary Alphanumerics,"Perception.Vision.Motion,Cognition.Space",4
FALSE,5080201,2005,Podzebenko K,Journal of Cognitive Neuroscience,5,Stationary Alphanumerics - Rotating Alphanumerics,"Cognition.Space,Perception.Vision.Shape",1
FALSE,5080201,2005,Podzebenko K,Journal of Cognitive Neuroscience,6,Rotating Abstracts - Stationary Abstracts,Perception.Vision.Motion,5
FALSE,5080201,2005,Podzebenko K,Journal of Cognitive Neuroscience,7,Stationary Alphanumerics - Stationary Abstracts,"Cognition.Space,Perception.Vision.Shape",10
FALSE,5080201,2005,Podzebenko K,Journal of Cognitive Neuroscience,8,Rotating Alphanumerics - Rotating Abstracts,"Cognition.Space,Perception.Vision.Shape",7
FALSE,5080213,2003,Kringelbach M L,NeuroImage,1,Main Reversal Task,Cognition.Attention,7
FALSE,5080213,2003,Kringelbach M L,NeuroImage,2,Main Effects of Faces,Perception.Vision.Shape,4
TRUE,5080213,2003,Kringelbach M L,NeuroImage,3,Conjunction of Main Reversal Task and Control Reversal Task,Cognition.Attention,5
FALSE,5080214,2003,Milham M P,Cognitive Brain Research,1,Oddball,Cognition.Attention,16
FALSE,5080214,2003,Milham M P,Cognitive Brain Research,2,"Incongruent, Eligible and Incongruent, Ineligible > Neutral",Cognition.Attention,16
TRUE,5080214,2003,Milham M P,Cognitive Brain Research,3,"Incongruent, Eligible > Incongruent, Ineligible",Cognition.Attention,25
FALSE,5090224,2004,Brass M,Journal of Cognitive Neuroscience,1,Meaning Switch vs. Cue Switch,Cognition.Attention,3
FALSE,5090224,2004,Brass M,Journal of Cognitive Neuroscience,2,Cue Switch vs. Cue Repetition,Cognition.Attention,4
TRUE,5090224,2004,Brass M,Journal of Cognitive Neuroscience,3,"Switch vs. Repetition, Single Cue",Cognition.Attention,3
FALSE,5090243,2003,Sylvester C C,Neuropsychologia,1,Event-Related Counter-Switches,Cognition.Attention,14
TRUE,5090243,2003,Sylvester C C,Neuropsychologia,2,Event-Related Incompatible Responses,Cognition.Attention,11
FALSE,5090243,2003,Sylvester C C,Neuropsychologia,3,Blocked Counter-Switching,Cognition.Attention,8
FALSE,5090243,2003,Sylvester C C,Neuropsychologia,4,Blocked Stimulus-Response Compatibility,Cognition.Attention,12
TRUE,5090243,2003,Sylvester C C,Neuropsychologia,5,Switching and Inhibition,"Cognition.Attention,Action.Inhibition",4
FALSE,5090243,2003,Sylvester C C,Neuropsychologia,6,Switching > Inhibition,Cognition.Attention,4
FALSE,5090243,2003,Sylvester C C,Neuropsychologia,7,Inhibition > Switching,Action.Inhibition,5
FALSE,6030029,2002,Szameitat A J,Journal of Cognitive Neuroscience,1,AUD - BASE,Perception.Audition,24
FALSE,6030029,2002,Szameitat A J,Journal of Cognitive Neuroscience,2,VIS - BASE,Perception.Vision.Color,18
TRUE,6030029,2002,Szameitat A J,Journal of Cognitive Neuroscience,3,(DT Fixed - AUD) - (VIS - BASE),"Perception.Vision.Color,Perception.Audition",14
FALSE,6030029,2002,Szameitat A J,Journal of Cognitive Neuroscience,4,(DT Random - AUD) - (VIS - BASE),"Perception.Vision.Color,Perception.Audition",24
FALSE,6030029,2002,Szameitat A J,Journal of Cognitive Neuroscience,5,DT Random - DT Fixed,"Cognition.Attention,Cognition.Time",26
FALSE,6050055,2004,Ino T,Brain Research Bulletin,1,"Encoding, Good Performance Group",Cognition.Memory.Explicit,15
FALSE,6050055,2004,Ino T,Brain Research Bulletin,2,"Encoding, Poor Performance Group",Cognition.Memory.Explicit,14
TRUE,6050055,2004,Ino T,Brain Research Bulletin,3,"Recall, Good Performance Group",Cognition.Memory.Explicit,18
FALSE,6050055,2004,Ino T,Brain Research Bulletin,4,Recall Poor Performance Group,Cognition.Memory.Explicit,12
FALSE,6050055,2004,Ino T,Brain Research Bulletin,5,"Encoding and Recall, Good Performance Group",Cognition.Memory.Explicit,19
FALSE,6050055,2004,Ino T,Brain Research Bulletin,6,"Encoding and Recall, Poor Performance Group",Cognition.Memory.Explicit,21
FALSE,6050055,2004,Ino T,Brain Research Bulletin,7,"Encoding, Good Performance > Poor Performance",Cognition.Memory.Explicit,5
FALSE,6050055,2004,Ino T,Brain Research Bulletin,8,"Recall, Good Performance > Poor Performance",Cognition.Memory.Explicit,5
FALSE,6050055,2004,Ino T,Brain Research Bulletin,9,"Encoding and Recall, Good Performance > Poor Performance",Cognition.Memory.Explicit,9
FALSE,6050055,2004,Ino T,Brain Research Bulletin,10,"Encoding, Poor Performance > Good Performance",Cognition.Memory.Explicit,9
FALSE,6050055,2004,Ino T,Brain Research Bulletin,11,"Recall, Poor Performance > Good Performance",Cognition.Memory.Explicit,4
FALSE,6050055,2004,Ino T,Brain Research Bulletin,12,"Encoding and Recall, Poor Performance > Good Performance",Cognition.Memory.Explicit,8
FALSE,6050055,2004,Ino T,Brain Research Bulletin,13,"Regression Analysis, Positive Effect on Memory Performance, Encoding",Cognition.Memory.Explicit,7
FALSE,6050055,2004,Ino T,Brain Research Bulletin,14,"Regression Analysis, Positive Effect on Memory Performance, Recall",Cognition.Memory.Explicit,6
FALSE,6050055,2004,Ino T,Brain Research Bulletin,15,"Regression Analysis, Positive Effect on Memory Performance, Encoding and Recall",Cognition.Memory.Explicit,13
FALSE,6050055,2004,Ino T,Brain Research Bulletin,16,"Regression Analysis, Negative Effect on Memory Performance, Encoding",Cognition.Memory.Explicit,12
FALSE,6050055,2004,Ino T,Brain Research Bulletin,17,"Regression Analysis, Negative Effect on Memory Performance, Recall",Cognition.Memory.Explicit,5
FALSE,6050055,2004,Ino T,Brain Research Bulletin,18,"Regression Analysis, Negative Effect on Memory Performance, Encoding and Recall",Cognition.Memory.Explicit,9
FALSE,6080142,2005,Volle E,Cerebral Cortex,1,"MemG Delay One, 1 Square vs. Fixation",Cognition.Memory.Working,2
FALSE,6080142,2005,Volle E,Cerebral Cortex,2,"MemG Delay One, 3 Square vs. 1 Square",Cognition.Memory.Working,7
FALSE,6080142,2005,Volle E,Cerebral Cortex,3,"MemG Delay One, 5 Square vs. 3 Square",Cognition.Memory.Working,11
TRUE,6080142,2005,Volle E,Cerebral Cortex,4,MemG Delay Two vs. MemG Delay One,Cognition.Memory.Working,17
FALSE,6080142,2005,Volle E,Cerebral Cortex,5,MemG Delay Two vs. VisG Delay Two,Cognition.Memory.Working,2
FALSE,7020032,2006,Hirshorn E A,Neuropsychologia,1,Switching - Free Generation,"Cognition.Language.Semantics,Cognition.Language.Speech",15
TRUE,7020032,2006,Hirshorn E A,Neuropsychologia,2,Switching - Cluster,"Cognition.Language.Semantics,Cognition.Language.Speech",21
FALSE,7020032,2006,Hirshorn E A,Neuropsychologia,3,Free Generation - Switching,"Cognition.Language.Semantics,Cognition.Language.Speech",16
FALSE,7020032,2006,Hirshorn E A,Neuropsychologia,4,Cluster - Switching,"Cognition.Language.Semantics,Cognition.Language.Speech",25
FALSE,7020033,2004,Pierce K,Brain,1,"Familar Faces, Autism Subjects","Perception.Vision.Shape,Emotion.Other",18
FALSE,7020033,2004,Pierce K,Brain,2,"Familiar Faces, Controls","Perception.Vision.Shape,Emotion.Other",25
FALSE,7020033,2004,Pierce K,Brain,3,"Familiar Faces > Stranger Faces, Autism Subjects",Emotion.Other,4
TRUE,7020033,2004,Pierce K,Brain,4,"Familiar Faces > Stranger Faces, Controls",Emotion.Other,9
FALSE,7020033,2004,Pierce K,Brain,5,"Stranger Faces, Autism Subjects",Perception.Vision.Shape,8
FALSE,7020033,2004,Pierce K,Brain,6,"Stranger Faces, Controls",Perception.Vision.Shape,9
FALSE,7020038,1999,Warburton E A,"Journal of Neurology, Neurosurgery, and Psychiatry",1,"Verb Generation vs. Rest, Normals, Left- and Right-Lateralized Activations","Cognition.Language.Semantics,Cognition.Language.Speech",8
TRUE,7020038,1999,Warburton E A,"Journal of Neurology, Neurosurgery, and Psychiatry",2,"Verb Generation vs. Rest, Normals, Left-Lateralized Activations","Cognition.Language.Semantics,Cognition.Language.Speech",6
FALSE,7020038,1999,Warburton E A,"Journal of Neurology, Neurosurgery, and Psychiatry",3,"Verb Generation vs. Rest, Aphasic Patients","Cognition.Language.Semantics,Cognition.Language.Speech",30
TRUE,7020044,2006,Camchong J,Biological Psychiatry,1,"ODR Performance, Normals","Cognition.Memory.Working,Perception.Vision.Motion",15
FALSE,7020044,2006,Camchong J,Biological Psychiatry,2,"ODR Performance, Schizophrenic Patients","Cognition.Memory.Working,Perception.Vision.Motion",6
FALSE,7020057,2005,Lange G,NeuroImage,1,"Study 1: mPASAT vs. Auditory Monitoring using a fixed effects model, CFS",Cognition.Memory.Working,15
TRUE,7020057,2005,Lange G,NeuroImage,2,"Study 1: mPASAT vs. Auditory Monitoring using a fixed effects model, Controls",Cognition.Memory.Working,5
FALSE,7020057,2005,Lange G,NeuroImage,3,"Study 2: mPASAT vs. Auditory Monitoring using a random effects model, CFS",Cognition.Memory.Working,25
FALSE,7020057,2005,Lange G,NeuroImage,4,"Study 2: mPASAT vs. Auditory Monitoring using a random effects model, Controls",Cognition.Memory.Working,6
TRUE,7040103,2006,Kraut M A,Journal of Cognitive Neuroscience,1,Threatening - Non-Threatening,Perception.Audition,13
FALSE,7040103,2006,Kraut M A,Journal of Cognitive Neuroscience,2,Non-Threatening - Threatening,Perception.Audition,1
FALSE,7040103,2006,Kraut M A,Journal of Cognitive Neuroscience,3,Animal > Objects,Perception.Audition,8
FALSE,7040114,2002,Wildgruber D,NeuroImage,1,Sentence 1 - Rest,"Perception.Audition,Emotion.Happiness,Emotion.Sadness",11
FALSE,7040114,2002,Wildgruber D,NeuroImage,2,Sentence 2 - Rest,"Perception.Audition,Emotion.Happiness,Emotion.Sadness",9
TRUE,7040114,2002,Wildgruber D,NeuroImage,3,Sentence 2 - Sentence 1,"Emotion.Happiness,Emotion.Sadness",6
FALSE,7040114,2002,Wildgruber D,NeuroImage,4,Women - Men,"Perception.Audition,Emotion.Happiness,Emotion.Sadness",1
FALSE,7040114,2002,Wildgruber D,NeuroImage,5,Men - Women,"Perception.Audition,Emotion.Happiness,Emotion.Sadness",1
TRUE,7070170,2007,Dick F,Journal of Cognitive Neuroscience,1,Language vs. Tones,Cognition.Language.Semantics,19
FALSE,7070170,2007,Dick F,Journal of Cognitive Neuroscience,2,Environmental Sound vs. Tones,Perception.Audition,25
FALSE,7070170,2007,Dick F,Journal of Cognitive Neuroscience,3,Language vs. Environmental Sound,Cognition.Language.Semantics,10
FALSE,7070170,2007,Dick F,Journal of Cognitive Neuroscience,4,Environmental Sound vs. Language,Perception.Audition,6
FALSE,7080230,2004,Volz K G,NeuroImage,1,Prediction Under Uncertainty vs. Prediction Under Certainty,"Emotion.Other,Cognition.Other",14
TRUE,7080230,2004,Volz K G,NeuroImage,2,Positive Covariation with Increasing Prediction Uncertainty,"Cognition.Other,Emotion.Other",5
TRUE,7080230,2004,Volz K G,NeuroImage,3,Group Difference Between Externally Attributed Uncertainty and Internally Attributed Uncertainty,"Cognition.Other,Emotion.Other",7
TRUE,7100276,2007,Haller S,European Journal of Neuroscience,1,Simple - Fixation,Cognition.Language.Semantics,14
FALSE,7100276,2007,Haller S,European Journal of Neuroscience,2,Medium - Simple,Cognition.Language.Semantics,10
FALSE,7100276,2007,Haller S,European Journal of Neuroscience,3,Complex - Medium,"Cognition.Language.Syntax,Cognition.Language.Semantics",10
TRUE,7100280,2000,Rogers R D,Journal of Cognitive Neuroscience,1,Discrimination - Performance,Cognition.Attention,13
FALSE,7100280,2000,Rogers R D,Journal of Cognitive Neuroscience,2,Performance - Discrimination,Cognition.Attention,4
FALSE,7100280,2000,Rogers R D,Journal of Cognitive Neuroscience,3,Reversal - ID Shift,Cognition.Attention,5
FALSE,7100280,2000,Rogers R D,Journal of Cognitive Neuroscience,4,ED - ID Shift,Cognition.Attention,4
FALSE,7100280,2000,Rogers R D,Journal of Cognitive Neuroscience,5,ID Shift - Reversal,Cognition.Attention,3
FALSE,7100280,2000,Rogers R D,Journal of Cognitive Neuroscience,6,ID - ED Shift,Cognition.Attention,6
FALSE,7100280,2000,Rogers R D,Journal of Cognitive Neuroscience,7,Reversal - ED Shift,Cognition.Attention,3
FALSE,7100280,2000,Rogers R D,Journal of Cognitive Neuroscience,8,ED Shift - Reversal,Cognition.Attention,3
FALSE,7110309,2007,Prado J,Journal of Cognitive Neuroscience,1,Verification: 2-Mismatch > 1-Mismatch > 0-Mismatch,"Cognition.Reasoning,Cognition.Memory.Working",10
FALSE,7110309,2007,Prado J,Journal of Cognitive Neuroscience,2,Falsification: 2-Mismatch > 1-Mismatch > 0-Mismatch,"Cognition.Reasoning,Cognition.Memory.Working",6
FALSE,7110309,2007,Prado J,Journal of Cognitive Neuroscience,3,Affirmative Throughout: 1-Mismatch > 0-Mismatch,"Cognition.Reasoning,Cognition.Memory.Working",16
TRUE,7110309,2007,Prado J,Journal of Cognitive Neuroscience,4,"Verification, Hits Only: 2-Mismatch > 1-Mismatch > 0-Mismatch","Cognition.Reasoning,Cognition.Memory.Working",14
TRUE,7110312,2007,Suh S,Brain Research,1,Embedded Korean vs. Rest,Cognition.Language.Semantics,7
FALSE,7110312,2007,Suh S,Brain Research,2,Embedded English vs. Rest,Cognition.Language.Semantics,5
FALSE,7110312,2007,Suh S,Brain Research,3,Conjoined Korean vs. Rest,Cognition.Language.Semantics,5
FALSE,7110312,2007,Suh S,Brain Research,4,Conjoined English vs. Rest,Cognition.Language.Semantics,3
FALSE,7110312,2007,Suh S,Brain Research,5,Embedded Korean vs. Conjoined Korean,"Cognition.Language.Syntax,Cognition.Language.Semantics",3
FALSE,7110312,2007,Suh S,Brain Research,6,Embedded Korean vs. Embedded English,"Cognition.Language.Syntax,Cognition.Language.Semantics,Cognition.Language",10
FALSE,7110312,2007,Suh S,Brain Research,7,Embedded English vs. Embedded Korean,"Cognition.Language.Syntax,Cognition.Language.Semantics,Cognition.Language",3
FALSE,7110312,2007,Suh S,Brain Research,8,Conjoined Korean vs. Conjoined English,"Cognition.Language.Syntax,Cognition.Language.Semantics,Cognition.Language",3
FALSE,7110325,2007,Kensinger E A,Neuropsychologia,1,"Overall Recognition, Neutral + Negative","Cognition.Memory.Explicit,Emotion.Other",23
TRUE,7110325,2007,Kensinger E A,Neuropsychologia,2,"Overall Recognition, Negative","Cognition.Memory.Explicit,Emotion.Other",19
FALSE,7110325,2007,Kensinger E A,Neuropsychologia,3,"Overall Recognition, Neutral",Cognition.Memory.Explicit,25
FALSE,7110325,2007,Kensinger E A,Neuropsychologia,4,"Successful Recognition, Negative","Cognition.Memory.Explicit,Emotion.Other",30
FALSE,7110325,2007,Kensinger E A,Neuropsychologia,5,"False Recognition, Negative","Cognition.Memory.Explicit,Emotion.Other",1
FALSE,7110325,2007,Kensinger E A,Neuropsychologia,6,"Successful Recognition + False Recognition, Neutral",Cognition.Memory.Explicit,16
FALSE,7110325,2007,Kensinger E A,Neuropsychologia,7,"Successful Recognition, Neutral",Cognition.Memory.Explicit,16
FALSE,7110325,2007,Kensinger E A,Neuropsychologia,8,"False Recognition, Neutral",Cognition.Memory.Explicit,14
FALSE,7110325,2007,Kensinger E A,Neuropsychologia,9,"Visually Specific Recognition, Negative + Neutral","Cognition.Memory.Explicit,Emotion.Other",1
FALSE,7110325,2007,Kensinger E A,Neuropsychologia,10,"Visually Specific Recognition, Negative","Cognition.Memory.Explicit,Emotion.Other",12
FALSE,7110325,2007,Kensinger E A,Neuropsychologia,11,"Visually Specific Recognition, Neutral",Cognition.Memory.Explicit,1
TRUE,7110336,2006,Yoon H W,Neuroscience Letters,1,Picture > Fixation,Cognition.Language.Semantics,3
FALSE,7110336,2006,Yoon H W,Neuroscience Letters,2,Chinese Character > Fixation,Cognition.Language.Semantics,7
FALSE,7110336,2006,Yoon H W,Neuroscience Letters,3,Chinese Character > Picture,Cognition.Language.Semantics,4
FALSE,7110336,2006,Yoon H W,Neuroscience Letters,4,Picture > Chinese Character,Cognition.Language.Semantics,2
FALSE,7120360,2007,Gamer M,Human Brain Mapping,1,Regional Activity Differing Between Item Types,"Emotion.Other,Cognition.Social Cognition",7
TRUE,7120360,2007,Gamer M,Human Brain Mapping,2,Brain Activity Correlating with Reaction Time,"Emotion.Other,Cognition.Social Cognition",27
FALSE,7120360,2007,Gamer M,Human Brain Mapping,3,Brain Activity Correlating with Amplitude of the Skin Conductance Responses,"Emotion.Other,Cognition.Social Cognition",8
TRUE,7120362,2002,Johnson S H,NeuroImage,1,Left Hand Preparation,Action.Imagination,28
TRUE,7120362,2002,Johnson S H,NeuroImage,2,Right Hand Preparation,Action.Imagination,30
FALSE,7120362,2002,Johnson S H,NeuroImage,3,Left Hand Grip Selection,Action.Imagination,7
FALSE,7120362,2002,Johnson S H,NeuroImage,4,Right Hand Grip Selection,Action.Imagination,13
FALSE,8020067,2004,Kikyo H,NeuroImage,1,"Brain Regions Parametrically Modulated by the ""Feeling of Knowing""",Cognition.Memory.Explicit,43
TRUE,8020067,2004,Kikyo H,NeuroImage,2,Brain Regions Associated with Successful Name Recall from Face Images,Cognition.Memory.Explicit,35
FALSE,8040097,2006,Ragland J D,Schizophrenia Research,1,"True Positive, Incorrect Source - True Negative, Normals",Cognition.Memory.Explicit,9
FALSE,8040097,2006,Ragland J D,Schizophrenia Research,2,"True Positive, Incorrect Source - True Negative, Schizophrenic Patients",Cognition.Memory.Explicit,5
FALSE,8040097,2006,Ragland J D,Schizophrenia Research,3,"True Positive, Incorrect Source - True Negative, Schizophrenic Patients > Normals",Cognition.Memory.Explicit,1
FALSE,8040097,2006,Ragland J D,Schizophrenia Research,4,"True Positive, Correct Source - True Negative, Normals",Cognition.Memory.Explicit,11
FALSE,8040097,2006,Ragland J D,Schizophrenia Research,5,"True Positive, Correct Source - True Negative, Schizophrenic Patients",Cognition.Memory.Explicit,14
FALSE,8040097,2006,Ragland J D,Schizophrenia Research,6,"True Positive, Correct Source - True Negative, Schizophrenic Patients > Normals",Cognition.Memory.Explicit,5
TRUE,8040097,2006,Ragland J D,Schizophrenia Research,7,"True Positive, Correct Source - True Positive, Incorrect Source, Normals",Cognition.Memory.Explicit,8
FALSE,8040097,2006,Ragland J D,Schizophrenia Research,8,"True Positive, Correct Source - True Positive, Incorrect Source, Schizophrenic Patients",Cognition.Memory.Explicit,4
TRUE,8040110,2004,Ernst M,Neuropsychologia,1,Monetary Selection > Color Selection,"Cognition.Other,Emotion.Other",19
FALSE,8040110,2004,Ernst M,Neuropsychologia,2,Monetary Anticipation > Color Anticipation,"Cognition.Other,Emotion.Other",15
FALSE,8040110,2004,Ernst M,Neuropsychologia,3,Selection: High Risk/Reward > Low Risk/Reward,"Cognition.Other,Emotion.Other",20
FALSE,8050133,2006,Montaldi D,Hippocampus,1,Linear Increases in Familiarity F1 to F3,Cognition.Memory.Explicit,15
FALSE,8050133,2006,Montaldi D,Hippocampus,2,Linear Decreases in Familiarity F1 to F3,Cognition.Memory.Explicit,13
TRUE,8050133,2006,Montaldi D,Hippocampus,3,Linear Increases in Familiarity M to F3,Cognition.Memory.Explicit,13
FALSE,8050133,2006,Montaldi D,Hippocampus,4,Linear Decreases in Familiarity M to F3,Cognition.Memory.Explicit,10
FALSE,8050133,2006,Montaldi D,Hippocampus,5,Recollected > F3,Cognition.Memory.Explicit,6
FALSE,8050133,2006,Montaldi D,Hippocampus,6,F3 > Recollected,Cognition.Memory.Explicit,2
TRUE,8060157,2003,Ranganath C,Neuropsychologia,1,Regions Exhibiting a Subsequent Familiarity Effect,Cognition.Memory.Explicit,31
FALSE,8060157,2003,Ranganath C,Neuropsychologia,2,Regions Exhibiting a Subsequent Recollection Effect,Cognition.Memory.Explicit,21
FALSE,8060158,2007,Sailer U,NeuroImage,1,"Wins vs. Losses, Exploratory Phase","Emotion.Other,Cognition.Other",5
FALSE,8060158,2007,Sailer U,NeuroImage,2,"Correct vs. Wrong, Exploratory Phase","Emotion.Other,Cognition.Other",7
FALSE,8060158,2007,Sailer U,NeuroImage,3,Interaction of Utilitarian and Performance Feedback,"Emotion.Other,Cognition.Other",15
TRUE,8060158,2007,Sailer U,NeuroImage,4,"Wins vs. Losses, Exploratory vs. Proficiency Phase","Cognition.Memory,Emotion.Other,Cognition.Other",31
FALSE,8060158,2007,Sailer U,NeuroImage,5,Interaction of Feedback and Learning Phase,"Cognition.Memory,Emotion.Other,Cognition.Other",4
FALSE,8060162,2007,Vilberg K L,Neuropsychologia,1,Regions Selectively Sensitive to Familiarity,Cognition.Memory.Explicit,16
TRUE,8060162,2007,Vilberg K L,Neuropsychologia,2,Regions Selectively Sensitive to Recollection,Cognition.Memory.Explicit,13
FALSE,8060162,2007,Vilberg K L,Neuropsychologia,3,Recollection Sensitive Regions Which are Also Sensitive to Amount of Information Recollected,Cognition.Memory.Explicit,3
FALSE,8080196,2008,Bueti D,Journal of Cognitive Neuroscience,1,Action - Control Action,Cognition.Time,11
FALSE,8080196,2008,Bueti D,Journal of Cognitive Neuroscience,2,Perception - Control Perception,Cognition.Time,5
TRUE,8080196,2008,Bueti D,Journal of Cognitive Neuroscience,3,(Action - Control Action) vs. (Perception - Control Perception),Cognition.Time,11
FALSE,8080196,2008,Bueti D,Journal of Cognitive Neuroscience,4,Control Perception - Perception,Cognition.Time,5
FALSE,8100246,2004,Kobayashi M,NeuroImage,1,"Gustatory Perception, Fruit Juice vs. No Gustatory Perception",Perception.Gustation,10
FALSE,8100246,2004,Kobayashi M,NeuroImage,2,"Gustatory Perception, Distilled Water vs. No Gustatory Perception",Perception.Gustation,8
FALSE,8100246,2004,Kobayashi M,NeuroImage,3,"Gustatory Imagery, Words, Recall Taste vs. Gustatory Imagery, Words, Read Word",Perception.Gustation,6
FALSE,8100246,2004,Kobayashi M,NeuroImage,4,"Gustatory Imagery, Words, Recall Taste vs. Visual Imagery, Words, Recall Image",Perception.Gustation,3
FALSE,8100246,2004,Kobayashi M,NeuroImage,5,"Gustatory Imagery, Voice, Recall Taste vs. Passive Listening",Perception.Gustation,7
FALSE,8100246,2004,Kobayashi M,NeuroImage,6,"Gustatory Imagery, Voice, Recall Taste - Visual Imagery, Voice, Recall Image",Perception.Gustation,1
FALSE,8100246,2004,Kobayashi M,NeuroImage,7,"Gustatory Imagery, Picture, Recall Taste vs. Gustatory Imagery, Picture, Passive Viewing",Perception.Gustation,6
FALSE,8100246,2004,Kobayashi M,NeuroImage,8,All Gustatory Imagery (Word + Voice + Picture) vs. No Recall,Perception.Gustation,6
FALSE,8100246,2004,Kobayashi M,NeuroImage,9,Gustatory Imagery (Words + Voice) vs. Visual Imagery (Words + Voice),Perception.Gustation,3
TRUE,8100246,2004,Kobayashi M,NeuroImage,10,Gustatory Perception + Gustatory Imagery (Words + Voice + Picture) vs. Control,Perception.Gustation,5
FALSE,8100246,2004,Kobayashi M,NeuroImage,11,Gustatory Perception + Gustatory Imagery (Words + Voice) vs. Visual Imagery (Words + Voice),Perception.Gustation,4
FALSE,8110284,2004,Mainero C,NeuroImage,1,"PASAT, Normals",Cognition.Other,37
FALSE,8110284,2004,Mainero C,NeuroImage,2,"PASAT, Multiple Sclerosis Patients",Cognition.Other,39
FALSE,8110284,2004,Mainero C,NeuroImage,3,"Multiple Sclerosis Patients vs. Normals, PASAT",Cognition.Other,19
TRUE,8110284,2004,Mainero C,NeuroImage,4,"Recall, Normals",Cognition.Memory.Explicit,25
FALSE,8110284,2004,Mainero C,NeuroImage,5,"Recall, Multiple Sclerosis Patients",Cognition.Memory.Explicit,26
FALSE,8110284,2004,Mainero C,NeuroImage,6,"Multiple Sclerosis Patients vs. Normals, Recall",Cognition.Memory.Explicit,20
FALSE,9010008,2009,Guillot A,Human Brain Mapping,1,Physical Execution vs. Passive Listening,Action.Execution,39
FALSE,9010008,2009,Guillot A,Human Brain Mapping,2,Visual Imagery vs. Passive Listening,Action.Imagination,34
FALSE,9010008,2009,Guillot A,Human Brain Mapping,3,Kinesthetic Imagery vs. Passive Listening,"Action.Imagination,Cognition.Soma",44
FALSE,9010008,2009,Guillot A,Human Brain Mapping,4,Visual Imagery vs. Kinesthetic Imagery,Action.Imagination,9
TRUE,9010008,2009,Guillot A,Human Brain Mapping,5,Kinesthetic Imagery vs. Visual Imagery,"Action.Imagination,Cognition.Soma",18
FALSE,9090093,2009,Bickel W K,Journal of Neuroscience,1,Hypothetical Money Gains + Hypothetical Money Losses > Real Money Gains,"Emotion.Other,Cognition.Other",5
FALSE,9090093,2009,Bickel W K,Journal of Neuroscience,2,Real Money Gains - Random Effects,"Cognition.Other,Emotion.Other",21
TRUE,9090093,2009,Bickel W K,Journal of Neuroscience,3,Hypothetical Money Gains - Random Effects,"Emotion.Other,Cognition.Other",20
FALSE,9090093,2009,Bickel W K,Journal of Neuroscience,4,Hypothetical Money Losses - Random Effects,"Cognition.Other,Emotion.Other",23
FALSE,9090093,2009,Bickel W K,Journal of Neuroscience,5,Real Money Gains > Hypothetical Money Gains,"Cognition.Other,Emotion.Other",1
FALSE,9090093,2009,Bickel W K,Journal of Neuroscience,6,Real Money Gains > Hypothetical Money Losses,"Emotion.Other,Cognition.Other",1
FALSE,9090093,2009,Bickel W K,Journal of Neuroscience,7,Hypothetical Money Gains > Real Money Gains,"Cognition.Other,Emotion.Other",3
FALSE,9090093,2009,Bickel W K,Journal of Neuroscience,8,Hypothetical Money Losses > Hypothetical Money Gains,"Cognition.Other,Emotion.Other",3
FALSE,9090093,2009,Bickel W K,Journal of Neuroscience,9,Hypothetical Money Losses > Real Money Gains,"Cognition.Other,Emotion.Other",6
FALSE,9090109,2008,Coderre E L,Brain and Language,1,Kana Words > Kanji Words,Cognition.Language,10
FALSE,9090109,2008,Coderre E L,Brain and Language,2,Kana Incongruent > Kana Congruent,Cognition.Attention,5
FALSE,9090109,2008,Coderre E L,Brain and Language,3,Kanji Incongruent > Kanji Congruent,Cognition.Attention,5
FALSE,9090109,2008,Coderre E L,Brain and Language,4,(Kana Incongruent > Kana Congruent) > (Kanji Incongruent > Kanji congruent),"Cognition.Attention,Cognition.Language",7
TRUE,9090109,2008,Coderre E L,Brain and Language,5,Kana Incongruent > Kana Words,Cognition.Attention,7
FALSE,9090109,2008,Coderre E L,Brain and Language,6,Kanji Incongruent > Kanji Words,Cognition.Attention,6
FALSE,9090144,2005,Pourtois G,Cortex,1,Visual - Auditory,"Emotion.Other,Perception.Vision",5
FALSE,9090144,2005,Pourtois G,Cortex,2,Audio/Visual - Auditory,"Emotion.Other,Perception.Vision,Perception.Audition",4
FALSE,9090144,2005,Pourtois G,Cortex,3,Auditory - Visual,"Emotion.Other,Perception.Audition",3
FALSE,9090144,2005,Pourtois G,Cortex,4,Audio/Visual - Visual,"Emotion.Other,Perception.Vision,Perception.Audition",3
FALSE,9090144,2005,Pourtois G,Cortex,5,(Audio/Visual - Auditory) + (Audio/Visual - Visual),"Emotion.Other,Perception.Vision,Perception.Audition",2
TRUE,9090144,2005,Pourtois G,Cortex,6,(Audio/Visual Happy - Auditory Happy) + (Audio/Visual Happy - Visual Happy),"Perception.Vision,Perception.Audition,Emotion.Happiness",7
FALSE,9090144,2005,Pourtois G,Cortex,7,(Audio/Visual Fear - Auditory Fear) + (Audio/Visual Fear - Visual Fear),"Perception.Vision,Perception.Audition,Emotion.Fear",1
FALSE,9090144,2005,Pourtois G,Cortex,8,(Audio/Visual Fear + Visual Fear) - (Audio/Visual Happy + Visual Happy),"Perception.Vision,Perception.Audition,Emotion.Fear",1
FALSE,9110178,2006,David N,Journal of Cognitive Neuroscience,1,1PP > 3PP,"Perception.Vision,Cognition.Soma,Cognition.Space",13
FALSE,9110178,2006,David N,Journal of Cognitive Neuroscience,2,3PP > 1PP,"Perception.Vision,Cognition.Soma,Cognition.Space",11
FALSE,9110178,2006,David N,Journal of Cognitive Neuroscience,3,ACT > PAS,"Perception.Vision,Cognition.Soma,Cognition.Space",5
TRUE,9110178,2006,David N,Journal of Cognitive Neuroscience,4,PAS > ACT,"Perception.Vision,Cognition.Soma,Cognition.Space",11
FALSE,9110178,2006,David N,Journal of Cognitive Neuroscience,5,ACT Using 1PP as a Search Volume,"Perception.Vision,Cognition.Soma,Cognition.Space",6
FALSE,9110178,2006,David N,Journal of Cognitive Neuroscience,6,Common for ACT and 1PP,"Perception.Vision,Cognition.Soma,Cognition.Space",3
TRUE,9110178,2006,David N,Journal of Cognitive Neuroscience,7,Common for PAS and 3PP,"Perception.Vision,Cognition.Soma,Cognition.Space",8
TRUE,10030029,2009,Harada T,Neuroscience Research,1,Lie Judgement - Gender Judgment (masked with Lie Judgement),Cognition.Social Cognition,23
FALSE,10030029,2009,Harada T,Neuroscience Research,2,Moral Judgement - Gender Judgment (masked with Moral Judgement),Cognition.Social Cognition,9
FALSE,10030029,2009,Harada T,Neuroscience Research,3,Lie Judgement - Moral Judgement (masked with the Lie Judgement),Cognition.Social Cognition,7
FALSE,10030039,2009,Kato J,Behavioral Neuroscience,1,"Negative Political Advertisements, Unchanged > Changed","Cognition.Other,Emotion.Other",12
TRUE,10030039,2009,Kato J,Behavioral Neuroscience,2,"Negative Political Advertisements, Changed > Unchanged","Cognition.Other,Emotion.Other",18
FALSE,10030039,2009,Kato J,Behavioral Neuroscience,3,"Positive Political Advertisements, Unchanged > Changed","Cognition.Other,Emotion.Other",18
FALSE,10030039,2009,Kato J,Behavioral Neuroscience,4,"Positive Political Advertisements, Changed > Unchanged","Cognition.Other,Emotion.Other",21
FALSE,10030039,2009,Kato J,Behavioral Neuroscience,5,"Negative Cola Advertisements, Unchanged > Changed","Cognition.Other,Emotion.Other",18
FALSE,10030039,2009,Kato J,Behavioral Neuroscience,6,"Negative Cola Advertisements, Changed > Unchanged","Action.Observation,Cognition.Other,Emotion.Other",8
FALSE,10030039,2009,Kato J,Behavioral Neuroscience,7,"Positive Cola Advertisements, Unchanged > Changed","Cognition.Other,Emotion.Other",3
FALSE,10030039,2009,Kato J,Behavioral Neuroscience,8,"Positive Cola Advertisements, Changed > Unchanged","Cognition.Other,Emotion.Other",26
FALSE,10030063,2008,Shimomura T,Turkish Neurosurgery,1,Nenbutsu > Rest,"Cognition.Language,Cognition.Memory.Explicit",6
TRUE,10030063,2008,Shimomura T,Turkish Neurosurgery,2,Sutra > Rest,Cognition.Language,6
FALSE,10030063,2008,Shimomura T,Turkish Neurosurgery,3,Shiritori > Rest,"Cognition.Language.Orthography,Cognition.Language.Speech",7
FALSE,10030075,2005,de Zubicaray G I,Cognitive Brain Research,1,Correct Responses > Incorrect Responses,Cognition.Memory.Explicit,6
FALSE,10030075,2005,de Zubicaray G I,Cognitive Brain Research,2,"Low Frequency > High Frequency, Correct Responses",Cognition.Memory.Explicit,1
FALSE,10030075,2005,de Zubicaray G I,Cognitive Brain Research,3,"Second Presentation > First Presentation, Correct Responses",Cognition.Memory.Explicit,2
FALSE,10030075,2005,de Zubicaray G I,Cognitive Brain Research,4,"Second Presentation < First Presentation, Correct Responses",Cognition.Memory.Explicit,5
TRUE,10030075,2005,de Zubicaray G I,Cognitive Brain Research,5,"Unstudied Words > Studied Words, Correct Responses",Cognition.Memory.Explicit,12
FALSE,10030075,2005,de Zubicaray G I,Cognitive Brain Research,6,"Studied Words > Second Presentation Words, Correct Responses",Cognition.Memory.Explicit,8
TRUE,10030082,2002,Balsamo L M,Archives of Neurology,1,"Auditory Response Naming > Rest, Fixed Effects Analysis","Cognition.Language.Semantics,Cognition.Language.Speech",26
FALSE,10030082,2002,Balsamo L M,Archives of Neurology,2,"Auditory Response Naming vs. Rest, Multisubject Conjunction Analysis","Cognition.Language.Semantics,Cognition.Language.Speech",7
TRUE,10030091,2006,Maihofner C,European Journal of Neuroscience,1,Heat Pain Stimulation - Non Painful Stimulation,Perception.Somesthesis.Pain,18
FALSE,10030091,2006,Maihofner C,European Journal of Neuroscience,2,Impact Pain Stimulation - Non Painful Stimulation,Perception.Somesthesis.Pain,21
FALSE,10030091,2006,Maihofner C,European Journal of Neuroscience,3,Impact Pain Stimulation - Heat Pain Stimulation,Perception.Somesthesis.Pain,7
TRUE,10060117,2008,Tobler P N,Journal of Neuroscience,1,Covariation Between Modeled and Actual Brain Activation with an Inverted S-Shaped Function,"Cognition.Other,Emotion.Other",1
FALSE,10060117,2008,Tobler P N,Journal of Neuroscience,2,Activations Covarying with an Inverted S-Shaped Function,"Cognition.Other,Emotion.Other",1
FALSE,10060117,2008,Tobler P N,Journal of Neuroscience,3,Independence of Neuronal Probability Coding in Striatum from Behavioral Probability Distortion,"Cognition.Other,Emotion.Other",1
FALSE,10080151,2001,Damasio H,NeuroImage,1,"Action Tool Word Retrieval - Picture Control, Activations","Cognition.Language.Semantics,Cognition.Language.Speech",7
FALSE,10080151,2001,Damasio H,NeuroImage,2,"Action Tool Word Retrieval - Picture Control, Deactivations","Cognition.Language.Semantics,Cognition.Language.Speech",2
TRUE,10080151,2001,Damasio H,NeuroImage,3,"Action Word Retrieval - Picture Control, Activations","Cognition.Language.Semantics,Cognition.Language.Speech",9
FALSE,10080151,2001,Damasio H,NeuroImage,4,"Action Word Retrieval - Picture Control, Deactivations","Cognition.Language.Semantics,Cognition.Language.Speech",2
FALSE,10080151,2001,Damasio H,NeuroImage,5,"Action Tool Word Retrieval - Concrete Entities, Activations","Cognition.Language.Semantics,Cognition.Language.Speech",2
FALSE,10080151,2001,Damasio H,NeuroImage,6,"Action Tool Word Retrieval - Picture Control, Activations, Post Hoc Analysis","Cognition.Language.Semantics,Cognition.Language.Speech",3
FALSE,10080151,2001,Damasio H,NeuroImage,7,"Action Tool Word Retrieval - Picture Control, Deactivations, Post Hoc Analysis","Cognition.Language.Semantics,Cognition.Language.Speech",9
FALSE,10080151,2001,Damasio H,NeuroImage,8,"Action Word Retrieval - Picture Control, Activations, Post Hoc Analysis","Cognition.Language.Semantics,Cognition.Language.Speech",3
FALSE,10080151,2001,Damasio H,NeuroImage,9,"Action Word Retrieval - Picture Control, Deactivations, Post Hoc Analysis","Cognition.Language.Semantics,Cognition.Language.Speech",9
FALSE,10080151,2001,Damasio H,NeuroImage,10,"Action Tool Word Retrieval - Concrete Entities, Activations, Post Hoc Analysis","Cognition.Language.Semantics,Cognition.Language.Speech",1
FALSE,10080151,2001,Damasio H,NeuroImage,11,"Concrete Entities - Picture Control, Spatial Relations, Activations","Cognition.Language.Semantics,Cognition.Language.Speech",5
FALSE,10080151,2001,Damasio H,NeuroImage,12,"Concrete Entities - Picture Control, Spatial Relations, Deactivations","Cognition.Language.Semantics,Cognition.Language.Speech",1
FALSE,10080151,2001,Damasio H,NeuroImage,13,"Abstract Drawings - Picture Control, Spatial Relations, Activations","Cognition.Language.Semantics,Cognition.Language.Speech",4
FALSE,10080151,2001,Damasio H,NeuroImage,14,"Abstract Drawings - Picture Control, Spatial Relations, Deactivations","Cognition.Language.Semantics,Cognition.Language.Speech",1
FALSE,10080151,2001,Damasio H,NeuroImage,15,"Concrete Drawings - Picture Control, Spatial Relations, Activations","Cognition.Language.Semantics,Cognition.Language.Speech",1
FALSE,10080151,2001,Damasio H,NeuroImage,16,"Concrete Entities - Picture Control, Spatial Relations, Activations, Post Hoc Analysis","Cognition.Language.Semantics,Cognition.Language.Speech",9
FALSE,10080151,2001,Damasio H,NeuroImage,17,"Concrete Entities - Picture Control, Spatial Relations, Deactivations, Post Hoc Analysis","Cognition.Language.Semantics,Cognition.Language.Speech",9
FALSE,10080151,2001,Damasio H,NeuroImage,18,"Abstract Drawings - Picture Control, Spatial Relations, Activations, Post Hoc Analysis","Cognition.Language.Semantics,Cognition.Language.Speech",5
FALSE,10080151,2001,Damasio H,NeuroImage,19,"Abstract Drawings - Picture Control, Spatial Relations, Deactivations, Post Hoc Analysis","Cognition.Language.Semantics,Cognition.Language.Speech",7
TRUE,10080183,2009,Li C S,Cerebral Cortex,1,"Increased Reaction Time vs. Decreased Reaction Time, Go-Trial","Action.Inhibition,Cognition.Attention",20
FALSE,10080212,2009,Wunderlich K,Proceedings of the National Academy of Sciences,1,Location of Significant Correlation with Parametric Contrasts- Vhand,"Cognition.Other,Emotion.Other,Perception.Vision.Motion,Action.Execution",4
FALSE,10080212,2009,Wunderlich K,Proceedings of the National Academy of Sciences,2,Location of Significant Correlation with Parametric Contrasts - Veye,"Cognition.Other,Emotion.Other,Perception.Vision.Motion,Action.Execution",1
FALSE,10080212,2009,Wunderlich K,Proceedings of the National Academy of Sciences,3,Location of Significant Correlation with Parametric Contrasts - Vchosen,"Cognition.Other,Emotion.Other,Perception.Vision.Motion,Action.Execution",7
TRUE,10080212,2009,Wunderlich K,Proceedings of the National Academy of Sciences,4,Location of Significant Correlation with Parametric Contrasts - Vunchosen - Vchosen,"Cognition.Other,Emotion.Other,Perception.Vision.Motion,Action.Execution",4
FALSE,10080212,2009,Wunderlich K,Proceedings of the National Academy of Sciences,5,Location of Significant Correlation with Parametric Contrasts - Hand Bias,"Cognition.Other,Emotion.Other,Perception.Vision.Motion,Action.Execution",12
FALSE,10080212,2009,Wunderlich K,Proceedings of the National Academy of Sciences,6,Location of Significant Correlation with Parametric Contrasts - Eye Bias,"Cognition.Other,Emotion.Other,Perception.Vision.Motion,Action.Execution",3
FALSE,10100222,2009,Hare T,Science,1,Food Decision > Taste Rating,"Cognition.Other,Emotion.Other,Perception.Gustation",5
FALSE,10100222,2009,Hare T,Science,2,Successful Self-Control Trials: Successful Self-Controllers > Non-Self-Controllers,"Cognition.Other,Emotion.Other,Perception.Gustation",10
TRUE,10100222,2009,Hare T,Science,3,Task Related Functional Connectivity with the Left IFG/BA9,"Cognition.Other,Emotion.Other,Perception.Gustation",18
FALSE,10100222,2009,Hare T,Science,4,Positive Task Related Functional Connectivity with the Left IFG/BA46 Region,"Cognition.Other,Emotion.Other,Perception.Gustation",2
TRUE,11080065,2009,Ersner-Hershfield H,Social Cognitive and Affective Neuroscience,1,"Regions Correlated with the Full Factorial Model: Main Effect of Person, Self > Other","Cognition.Other,Emotion.Other,Cognition.Social Cognition",31
FALSE,11080065,2009,Ersner-Hershfield H,Social Cognitive and Affective Neuroscience,2,"Regions Correlated with the Full Factorial Model: Main Effect of Time, Current > Future","Cognition.Other,Emotion.Other,Cognition.Social Cognition",7
FALSE,11080065,2009,Ersner-Hershfield H,Social Cognitive and Affective Neuroscience,3,"Regions Correlated with the Full Factorial Model: Valence, Positive > Negative (Activations)","Cognition.Other,Emotion.Other,Cognition.Social Cognition",6
FALSE,11080065,2009,Ersner-Hershfield H,Social Cognitive and Affective Neuroscience,4,"Regions Correlated with the Full Factorial Model: Valence, Positive > Negative (Deactivations)","Cognition.Other,Emotion.Other,Cognition.Social Cognition",1
FALSE,11080065,2009,Ersner-Hershfield H,Social Cognitive and Affective Neuroscience,5,Person x Valence (Deactivations),"Cognition.Other,Emotion.Other,Cognition.Social Cognition",1
FALSE,11080065,2009,Ersner-Hershfield H,Social Cognitive and Affective Neuroscience,6,Time x Valence,"Cognition.Other,Emotion.Other,Cognition.Social Cognition",1
FALSE,11080065,2009,Ersner-Hershfield H,Social Cognitive and Affective Neuroscience,7,Person x Time x Valence (Deactivations),"Cognition.Other,Emotion.Other,Cognition.Social Cognition",6
FALSE,11080078,2008,Knutson B,Neuron,1,Sell vs Buy - Product Preference (Product + Price),"Cognition.Other,Emotion.Other",2
FALSE,11080078,2008,Knutson B,Neuron,2,Sell vs Buy - Price Percent (Price) - Deactivations,"Cognition.Other,Emotion.Other",5
FALSE,11080078,2008,Knutson B,Neuron,3,Sell vs Buy - Price Percent X Condition (Price) - Activations,"Cognition.Other,Emotion.Other",9
FALSE,11080078,2008,Knutson B,Neuron,4,Sell vs Buy - Price Percent X Condition (Price) - Deactivations,"Cognition.Other,Emotion.Other",3
FALSE,11080078,2008,Knutson B,Neuron,5,Sell vs Buy - Product Choice (Choice),"Cognition.Other,Emotion.Other",1
FALSE,11080078,2008,Knutson B,Neuron,6,Sell vs Buy - Product Choice X Condition (Choice) - Deactivations,"Cognition.Other,Emotion.Other",5
FALSE,11080078,2008,Knutson B,Neuron,7,Period Regressor - Product Period - Activations,"Cognition.Other,Emotion.Other",12
FALSE,11080078,2008,Knutson B,Neuron,8,Period Regressor - Product Period - Deactivations,"Cognition.Other,Emotion.Other",9
FALSE,11080078,2008,Knutson B,Neuron,9,Period Regressor - Price Period - Activations,"Cognition.Other,Emotion.Other",20
FALSE,11080078,2008,Knutson B,Neuron,10,Period Regressor - Price Period - Deactivations,"Cognition.Other,Emotion.Other",22
FALSE,11080078,2008,Knutson B,Neuron,11,Period Regressor - Price Period X Condition - Deactivations,"Cognition.Other,Emotion.Other",3
TRUE,11080078,2008,Knutson B,Neuron,12,Period Regressor - Choice Period - Activations,"Cognition.Other,Emotion.Other",12
FALSE,11080078,2008,Knutson B,Neuron,13,Period Regressor - Choice Period - Deactivations,"Cognition.Other,Emotion.Other",1
FALSE,11080078,2008,Knutson B,Neuron,14,Conflict and Reaction Time Regressor - Conflict (Price) - Activations,"Cognition.Other,Emotion.Other",3
FALSE,11080078,2008,Knutson B,Neuron,15,Conflict and Reaction Time Regressor - Conflict (Price) - Deactivations,"Cognition.Other,Emotion.Other",18
FALSE,11080078,2008,Knutson B,Neuron,16,Conflict and Reaction Time Regressor - Conflict X Condition (Price),"Cognition.Other,Emotion.Other",2
FALSE,11080078,2008,Knutson B,Neuron,17,Conflict and Reaction Time Regressor - Reaction Time (Price) - Activations,"Cognition.Other,Emotion.Other",27
FALSE,11080078,2008,Knutson B,Neuron,18,Conflict and Reaction Time Regressor - Reaction Time (Price) - Deactivations,"Cognition.Other,Emotion.Other",5
FALSE,11080078,2008,Knutson B,Neuron,19,Sell vs Choose - Product Preference (Product + Price) - Activations,"Cognition.Other,Emotion.Other",1
FALSE,11080078,2008,Knutson B,Neuron,20,Sell vs Choose - Product Preference (Product + Price) - Deactivations,"Cognition.Other,Emotion.Other",3
FALSE,11080078,2008,Knutson B,Neuron,21,Sell vs Choose - Price Percent (Price) - Deactivations,"Cognition.Other,Emotion.Other",6
FALSE,11080078,2008,Knutson B,Neuron,22,Sell vs Choose - Price Percent X Condition (Price),"Cognition.Other,Emotion.Other",6
FALSE,11080078,2008,Knutson B,Neuron,23,Sell vs Choose - Product Choice (Choice),"Cognition.Other,Emotion.Other",1
TRUE,11110098,2004,Habeck C,Cognitive Brain Research,1,PRE to POST Sleep Deprivation Deactivations,"Cognition.Memory.Working,Interoception.Sleep",25
FALSE,11110098,2004,Habeck C,Cognitive Brain Research,2,PRE to POST Sleep Deprivation Activations,"Cognition.Memory.Working,Interoception.Sleep",37
TRUE,12020001,2008,Berlingeri M,Cognitive Neuropsychology,1,Noun vs. Baseline (GCST),"Cognition.Language.Speech,Cognition.Language.Semantics",28
FALSE,12020001,2008,Berlingeri M,Cognitive Neuropsychology,2,Verb vs. Baseline (GCST),"Cognition.Language.Speech,Cognition.Language.Semantics",30
FALSE,12020001,2008,Berlingeri M,Cognitive Neuropsychology,3,Nouns vs. Verbs (GCST),"Cognition.Language.Speech,Cognition.Language.Semantics",9
FALSE,12020001,2008,Berlingeri M,Cognitive Neuropsychology,4,Verbs vs. Noun (GCST),"Cognition.Language.Speech,Cognition.Language.Semantics",18
FALSE,12020001,2008,Berlingeri M,Cognitive Neuropsychology,5,Noun vs. Baseline (PNT),"Cognition.Language.Speech,Cognition.Language.Semantics",8
TRUE,12020001,2008,Berlingeri M,Cognitive Neuropsychology,6,Verbs vs. Baseline (PNT),"Cognition.Language.Speech,Cognition.Language.Semantics",26
FALSE,12020001,2008,Berlingeri M,Cognitive Neuropsychology,7,Verbs vs. Noun (PNT),"Cognition.Language.Speech,Cognition.Language.Semantics",14
FALSE,12020001,2008,Berlingeri M,Cognitive Neuropsychology,8,Verb vs. Noun (PNT + GCST) (Inclusive Mask of Baseline),"Cognition.Language.Speech,Cognition.Language.Semantics",22
FALSE,12020001,2008,Berlingeri M,Cognitive Neuropsychology,9,Verbs vs. Noun (PNT) + Nouns vs. Verb (GCST) (Inclusive Mask of Baseline),"Cognition.Language.Speech,Cognition.Language.Semantics",15
FALSE,12020009,2012,Lang S,NeuroImage,1,"Up-regulation vs Maintain, Early Phase, Healthy Controls vs BPD Patients","Emotion.Other,Cognition.Social Cognition",5
TRUE,12020009,2012,Lang S,NeuroImage,2,"Up-regulation vs Maintain, Early Phase, Healthy Controls vs Non-PTSD","Emotion.Other,Cognition.Social Cognition",5
FALSE,12020009,2012,Lang S,NeuroImage,3,"Down-regulation vs Maintain, Early Phase, Healthy Controls vs BPD Patients","Emotion.Other,Cognition.Social Cognition",1
FALSE,12020009,2012,Lang S,NeuroImage,4,"Down-regulation vs Maintain, Early Phase, Healthy Controls vs Non-PTSD","Emotion.Other,Cognition.Social Cognition",2
FALSE,12020009,2012,Lang S,NeuroImage,5,"Up-regulation, > Maintain, Early Phase, Healthy Controls","Emotion.Other,Cognition.Social Cognition",3
FALSE,12020009,2012,Lang S,NeuroImage,6,"Up-regulation > Maintain, Late Phase, Healthy Controls","Emotion.Other,Cognition.Social Cognition",2
FALSE,12020009,2012,Lang S,NeuroImage,7,"Down-regulation > Maintain, Early Phase, Healthy Controls","Emotion.Other,Cognition.Social Cognition",10
FALSE,12020009,2012,Lang S,NeuroImage,8,"Down-regulation > Maintain, Late Phase, Healthy Controls","Emotion.Other,Cognition.Social Cognition",3
FALSE,12020009,2012,Lang S,NeuroImage,9,"Up-regulation > Maintain, Early Phase, Non-PTSD (Deactivations)","Emotion.Other,Cognition.Social Cognition",6
FALSE,12020009,2012,Lang S,NeuroImage,10,"Down-regulation > Maintain, Early Phase, Non-PTSD","Emotion.Other,Cognition.Social Cognition",6
FALSE,12020009,2012,Lang S,NeuroImage,11,"Down-regulation > Maintain, Late Phase, Non-PTSD","Emotion.Other,Cognition.Social Cognition",2
FALSE,12020009,2012,Lang S,NeuroImage,12,"Up-regulation > Maintain, Early Phase, BPD Patients (Deactivations)","Emotion.Other,Cognition.Social Cognition",6
FALSE,12020009,2012,Lang S,NeuroImage,13,"Up-regulation > Maintain, Late Phase, BPD Patients","Emotion.Other,Cognition.Social Cognition",2
FALSE,12020009,2012,Lang S,NeuroImage,14,"Down-regulation > Maintain, Early Phase, BPD Patients","Emotion.Other,Cognition.Social Cognition",3
FALSE,12020009,2012,Lang S,NeuroImage,15,"Down-regulation > Maintain, Late Phase, BPD Patients","Emotion.Other,Cognition.Social Cognition",1
FALSE,12040024,2008,Gilman J M,Journal of Neuroscience,1,Main Effect of Alcohol,"Pharmacology.Alcohol,Emotion.Other",6
FALSE,12040024,2008,Gilman J M,Journal of Neuroscience,2,Main Effect of Emotion,Emotion.Other,6
FALSE,12040024,2008,Gilman J M,Journal of Neuroscience,3,Interaction between Main Effects of Alcohol and Emotion,"Pharmacology.Alcohol,Emotion.Other",11
FALSE,12040024,2008,Gilman J M,Journal of Neuroscience,4,Neutral Faces: Alcohol > Placebo,"Pharmacology.Alcohol,Emotion.Other",6
FALSE,12040024,2008,Gilman J M,Journal of Neuroscience,5,Fearful Faces: Alcohol > Placebo,"Pharmacology.Alcohol,Emotion.Other",2
FALSE,12040024,2008,Gilman J M,Journal of Neuroscience,6,Fearful Faces: Placebo > Alcohol,"Pharmacology.Alcohol,Emotion.Other",2
TRUE,12040024,2008,Gilman J M,Journal of Neuroscience,7,Placebo: Fearful > Neutral,Emotion.Other,11
FALSE,12040024,2008,Gilman J M,Journal of Neuroscience,8,Alcohol: Neutral > Fearful,"Pharmacology.Alcohol,Emotion.Other",1
FALSE,12070053,2009,Grahn J A,Journal of Neuroscience,1,Exp. 1: Beat - No Beat,"Perception.Audition,Cognition.Music",9
FALSE,12070053,2009,Grahn J A,Journal of Neuroscience,2,Exp. 2: Beat - No Beat,"Perception.Audition,Cognition.Music",9
FALSE,12070053,2009,Grahn J A,Journal of Neuroscience,3,Exp. 1: All Rhythms - Rest,"Perception.Audition,Cognition.Music",19
TRUE,12070053,2009,Grahn J A,Journal of Neuroscience,4,Exp. 1: Volume Conditions - Duration Conditions,"Perception.Audition,Cognition.Music",60
FALSE,12070053,2009,Grahn J A,Journal of Neuroscience,5,Exp. 1: Volume Nonbeat - Volume Beat,"Perception.Audition,Cognition.Music",55
FALSE,12070053,2009,Grahn J A,Journal of Neuroscience,6,Exp. 1: Beat x Accent Interaction,"Perception.Audition,Cognition.Music",43
FALSE,12070056,2003,Paulesu E,Journal of Neurophysiology,1,Nonlexical Lip-Reading > Baseline,Action.Observation,27
FALSE,12070056,2003,Paulesu E,Journal of Neurophysiology,2,Nonlexical Lip-Reading > Lexical Lip-Reading,Action.Observation,3
FALSE,12070056,2003,Paulesu E,Journal of Neurophysiology,3,Lexical Lip-Reading > Baseline,"Action.Observation,Cognition.Language.Speech",50
TRUE,12070056,2003,Paulesu E,Journal of Neurophysiology,4,Lexical Lip-Reading > Nonlexical Lip-Reading,"Action.Observation,Cognition.Language.Speech",22
FALSE,12070056,2003,Paulesu E,Journal of Neurophysiology,5,"Conjunction Analysis, (Nonlexical Lip-Reading + Lexical Lip-Reading) > Baseline",Action.Observation,11
FALSE,12070056,2003,Paulesu E,Journal of Neurophysiology,6,"Negative Correlation, Lexical Lip-Reading and Accuracy","Action.Observation,Cognition.Language.Speech",15
FALSE,12070057,2002,Shulman G L,Cerebral Cortex,1,"Cue Period, Motion > Color Cues","Action.Preparation,Cognition.Attention",2
TRUE,12070057,2002,Shulman G L,Cerebral Cortex,2,"Cue Period, Mixed > Blocked Cues","Action.Preparation,Cognition.Attention",4
FALSE,12070057,2002,Shulman G L,Cerebral Cortex,3,"Test Period, Motion > Color Cues","Perception.Vision.Motion,Cognition.Attention",16
FALSE,12070057,2002,Shulman G L,Cerebral Cortex,4,"Test Period, Mixed > Blocked Cues",Cognition.Attention,4
FALSE,13030022,2006,Marangolo P,Cortex,1,Noun-from-Verb Derivation > Verb Repetition,"Cognition.Language.Speech,Cognition.Language.Semantics",15
TRUE,13030022,2006,Marangolo P,Cortex,2,Noun-from-Adjective Derivation > Adjective Repetition,"Cognition.Language.Speech,Cognition.Language.Semantics",15
FALSE,13030022,2006,Marangolo P,Cortex,3,Verb-from-Noun Generation > Noun Repetition,"Cognition.Language.Speech,Cognition.Language.Semantics",3
TRUE,13030022,2006,Marangolo P,Cortex,4,Verb Inflection > Verb Repetition,"Cognition.Language.Speech,Cognition.Language.Syntax",12
FALSE,13030022,2006,Marangolo P,Cortex,5,Adjective Inflection > Adjective Repetition,"Cognition.Language.Speech,Cognition.Language.Syntax",6
FALSE,13030022,2006,Marangolo P,Cortex,6,Noun Inflection > Noun Repetition,"Cognition.Language.Speech,Cognition.Language.Syntax",4
FALSE,13030022,2006,Marangolo P,Cortex,7,Noun-from-Verb Derivation > Verb Inflection,"Cognition.Language.Speech,Cognition.Language.Semantics",9
TRUE,13030022,2006,Marangolo P,Cortex,8,Noun-from-Adjective Derivation > Adjective Inflection,"Cognition.Language.Speech,Cognition.Language.Semantics",10
FALSE,13030022,2006,Marangolo P,Cortex,9,Verb Inflection > Verb Derivation,"Cognition.Language.Speech,Cognition.Language.Syntax",2
FALSE,13030022,2006,Marangolo P,Cortex,10,Adjective Inflection > Adjective Derivation,"Cognition.Language.Speech,Cognition.Language.Syntax",3
FALSE,13030022,2006,Marangolo P,Cortex,11,Noun Inflection > Verb-from-Noun Generation,"Cognition.Language.Speech,Cognition.Language.Syntax",1
FALSE,13070059,2011,Newman S D,Brain Research,1,Number Easy vs. Fixation,Cognition.Reasoning,9
FALSE,13070059,2011,Newman S D,Brain Research,2,Number Hard vs. Fixation,Cognition.Reasoning,10
FALSE,13070059,2011,Newman S D,Brain Research,3,Word Easy vs. Fixation,"Cognition.Reasoning,Cognition.Language.Semantics",14
FALSE,13070059,2011,Newman S D,Brain Research,4,Word Hard vs. Fixation,"Cognition.Reasoning,Cognition.Language.Semantics",17
FALSE,13070059,2011,Newman S D,Brain Research,5,Word > Number,"Cognition.Language.Semantics,Cognition.Reasoning",10
FALSE,13070059,2011,Newman S D,Brain Research,6,Number > Word,Cognition.Reasoning,6
FALSE,13070059,2011,Newman S D,Brain Research,7,Hard > Easy,"Cognition.Reasoning,Cognition.Language.Semantics",17
FALSE,13070059,2011,Newman S D,Brain Research,8,Interaction,"Cognition.Language.Semantics,Cognition.Reasoning",1
FALSE,13070059,2011,Newman S D,Brain Research,9,Number Easy Correlation With Reading Span,Cognition.Reasoning,5
TRUE,13070059,2011,Newman S D,Brain Research,10,Number Hard Correlation With Reading Span,Cognition.Reasoning,11
FALSE,13070059,2011,Newman S D,Brain Research,11,Word Easy Correlation With Reading Span,"Cognition.Language.Semantics,Cognition.Reasoning",6
FALSE,13070059,2011,Newman S D,Brain Research,12,Word Hard Correlation With Reading Span,"Cognition.Language.Semantics,Cognition.Reasoning",3
TRUE,14050053,2012,Huang C M,Neuropsychologia,1,Incongruent vs. Congruent - Physical Size Task,"Cognition.Attention,Perception.Vision",18
FALSE,14050053,2012,Huang C M,Neuropsychologia,2,Incongruent vs. Congruent - Numerical Magnitude Task,"Cognition.Attention,Perception.Vision",15
FALSE,14050053,2012,Huang C M,Neuropsychologia,3,Older > Young - Physical Size Task,"Cognition.Attention,Perception.Vision",11
FALSE,14050053,2012,Huang C M,Neuropsychologia,4,Older > Young - Numerical Magnitude Task,"Cognition.Attention,Perception.Vision",5
FALSE,14050053,2012,Huang C M,Neuropsychologia,5,Older > Young - Physical Size Task and Numerical Magnitude Task,"Cognition.Attention,Perception.Vision",7
FALSE,14090207,2009,Nee D E,NeuroImage,1,Perceptual Selection,"Cognition.Attention,Cognition.Memory.Working,Perception.Vision",31
TRUE,14090207,2009,Nee D E,NeuroImage,2,Memorial selection,"Cognition.Attention,Cognition.Memory.Working",33
FALSE,14090207,2009,Nee D E,NeuroImage,3,Perceptual and Memorial Selection,"Cognition.Attention,Cognition.Memory",27
FALSE,14090207,2009,Nee D E,NeuroImage,4,Perceptual Selection Unique,"Cognition.Attention,Cognition.Memory.Working",11
FALSE,14090207,2009,Nee D E,NeuroImage,5,Memory Selection Unique,"Cognition.Attention,Cognition.Memory.Working",16
TRUE,14090207,2009,Nee D E,NeuroImage,6,"Forget vs Remember Cues, Memory updates","Cognition.Attention,Cognition.Memory.Working",29
TRUE,15010011,2010,Spreng R N,Journal of Cognitive Neuroscience,1,"Past, Future, Other > Control",,18
FALSE,15010011,2010,Spreng R N,Journal of Cognitive Neuroscience,2,"Control > Past, Future, Other",,8
FALSE,15010011,2010,Spreng R N,Journal of Cognitive Neuroscience,3,"Other > Past, Future",,3
FALSE,15010011,2010,Spreng R N,Journal of Cognitive Neuroscience,4,"Past, Future > Other",,17
TRUE,15060051,2003,Abrahams S,Human Brain Mapping,1,Verbal Fluency,Cognition.Language.Orthography,22
FALSE,15060051,2003,Abrahams S,Human Brain Mapping,2,Confrontation Naming,Cognition.Language.Speech,12
FALSE,15060051,2003,Abrahams S,Human Brain Mapping,3,"Significant Correlation during Confrontation Naming, Age",Cognition.Language.Speech,2
FALSE,15060051,2003,Abrahams S,Human Brain Mapping,4,"Significant Correlation during Confrontation Naming, Task Performance",Cognition.Language.Speech,2
FALSE,15060052,2007,Abutalebi J,Human Brain Mapping,1,Dialect vs. German,Cognition.Language.Speech,19
FALSE,15060052,2007,Abutalebi J,Human Brain Mapping,2,Pseudowords vs. German,Cognition.Language.Speech,27
TRUE,15060052,2007,Abutalebi J,Human Brain Mapping,3,1st Run Dialect vs. 1st Run German,Cognition.Language.Speech,19
FALSE,15060052,2007,Abutalebi J,Human Brain Mapping,4,4th Dialect Run vs. 4th Run German,Cognition.Language.Speech,20
FALSE,15060052,2007,Abutalebi J,Human Brain Mapping,5,4th Run Pseudowords vs. 4th Run German,Cognition.Language.Speech,11
FALSE,15120181,2009,Bertolino A,Journal of Neuroscience,1,Main effect of DRD2 on brain activity during working memory,Cognition.Memory.Working,4
TRUE,15120181,2009,Bertolino A,Journal of Neuroscience,2,Main effect of DAT on brain activity during working memory,Cognition.Memory.Working,3
FALSE,15120181,2009,Bertolino A,Journal of Neuroscience,3,"Interaction between DAT and DRD2 on brain activity during working memory, corrected",Cognition.Memory.Working,4
FALSE,15120181,2009,Bertolino A,Journal of Neuroscience,4,"Interaction between DAT and DRD2 on brain activity during working memory, uncorrected",Cognition.Memory.Working,7
FALSE,15120181,2009,Bertolino A,Journal of Neuroscience,5,Main effect of DRD2 on brain activity during encoding,Cognition.Memory.Explicit,2
FALSE,15120181,2009,Bertolino A,Journal of Neuroscience,6,Main effect of DAT on brain activity during encoding,Cognition.Memory.Explicit,6
FALSE,15120181,2009,Bertolino A,Journal of Neuroscience,7,"Interaction between DAT and DRD2 on brain activity during encoding, corrected",Cognition.Memory.Explicit,3
FALSE,15120181,2009,Bertolino A,Journal of Neuroscience,8,"Interaction between DAT and DRD2 during encoding, uncorrected",Cognition.Memory.Explicit,7
FALSE,16030027,2012,Gard T,Cerebral Cortex,1,"Practitioners > Controls, Mindfulness vs. Baseline (Receiving shock)","Cognition.Attention,Perception.Somesthesis.Pain",1
FALSE,16030027,2012,Gard T,Cerebral Cortex,2,"Controls > Practitioners, Mindfulness vs. Baseline (Receiving shock)","Cognition.Attention,Perception.Somesthesis.Pain",12
FALSE,16030027,2012,Gard T,Cerebral Cortex,3,"Practitioners > Controls, Mindfulness vs. Baseline (Anticipating shock)",Cognition.Attention,3
FALSE,16030027,2012,Gard T,Cerebral Cortex,4,"Controls > Practitioners, Mindfulness vs. Baseline (Anticipating shock)",Cognition.Attention,7
TRUE,16030027,2012,Gard T,Cerebral Cortex,5,"Practitioners, Baseline vs. Mindfulness (Receiving shock)","Cognition.Attention,Perception.Somesthesis.Pain",12
FALSE,16030027,2012,Gard T,Cerebral Cortex,6,"Controls, Baseline vs. Mindfulness (Receiving shock)","Cognition.Attention,Perception.Somesthesis.Pain",15
FALSE,16030057,1999,Chee M W L,Human Brain Mapping,1,Syllable > Fixation,Cognition.Language.Phonology,23
FALSE,16030057,1999,Chee M W L,Human Brain Mapping,2,Case > Fixation,Cognition.Language.Orthography,28
FALSE,16030057,1999,Chee M W L,Human Brain Mapping,3,Auditory Abstract/Concrete > Fixation,Cognition.Language.Semantics,30
FALSE,16030057,1999,Chee M W L,Human Brain Mapping,4,Visual Abstract/Concrete > Fixation,Cognition.Language.Semantics,29
TRUE,16030057,1999,Chee M W L,Human Brain Mapping,5,Abstract/Concrete > Syllable,"Cognition.Language.Phonology,Cognition.Language.Semantics",25
FALSE,16030057,1999,Chee M W L,Human Brain Mapping,6,Abstarct/Concrete > Case,"Cognition.Language.Orthography,Cognition.Language.Semantics",10
TRUE,16050122,2006,Miotto E C,Human Brain Mapping,1,"Related-Nonstructured Words, Post-Training > Pre-Training",Cognition.Memory.Explicit,9
FALSE,16050122,2006,Miotto E C,Human Brain Mapping,2,"Unrelated Words, Post-Training > Pre-Training",Cognition.Memory.Explicit,8
FALSE,16050132,2010,Filippi M,PLoS ONE,1,"Human negative pictures, Omnivores > Vegetarians and vegans","Emotion,Cognition.Social Cognition",3
FALSE,16050132,2010,Filippi M,PLoS ONE,2,"Human negative pictures, Vegetarians and Vegans > Omnivores","Emotion,Cognition.Social Cognition",4
FALSE,16050132,2010,Filippi M,PLoS ONE,3,"Animal negative pictures, Omnivores > Vegetarians and Vegans","Emotion,Cognition.Social Cognition",4
FALSE,16050132,2010,Filippi M,PLoS ONE,4,"Animal negative pictures, Vegetarians and Vegans > Omnivores","Emotion,Cognition.Social Cognition",9
FALSE,16050132,2010,Filippi M,PLoS ONE,5,"Human negative pictures, Vegetarians vs. Omnivores and Vegans","Emotion,Cognition.Social Cognition",1
FALSE,16050132,2010,Filippi M,PLoS ONE,6,"Animal negative pictures, Vegetarians vs. Omnivores and Vegans","Emotion,Cognition.Social Cognition",3
FALSE,16050132,2010,Filippi M,PLoS ONE,7,"Animal negative pictures, Vegans vs. Omnivores and Vegetarians","Emotion,Cognition.Social Cognition",4
FALSE,16050132,2010,Filippi M,PLoS ONE,8,"Human negative pictures, Vegans vs. Omnivores and Vegetarians","Emotion,Cognition.Social Cognition",1
FALSE,16050132,2010,Filippi M,PLoS ONE,9,"Omnivores, Human vs. Animal","Emotion,Cognition.Social Cognition",6
TRUE,16050132,2010,Filippi M,PLoS ONE,10,"Omnivores, Animal vs. Human","Emotion,Cognition.Social Cognition",7
FALSE,16050132,2010,Filippi M,PLoS ONE,11,"Vegetarians, Human vs. Animal","Emotion,Cognition.Social Cognition",4
FALSE,16050132,2010,Filippi M,PLoS ONE,12,"Vegetarians, Animal vs. Human","Emotion,Cognition.Social Cognition",2
FALSE,16050132,2010,Filippi M,PLoS ONE,13,"Vegans, Humans vs. Animals","Emotion,Cognition.Social Cognition",8
FALSE,16050132,2010,Filippi M,PLoS ONE,14,"Vegans, Animal vs. Human","Emotion,Cognition.Social Cognition",3