FALSE,30001,2000,Anderson N D,Journal of Cognitive Neuroscience,1,"FA, Encoding > Retrieval in Old",Cognition.Memory.Explicit,21
FALSE,30001,2000,Anderson N D,Journal of Cognitive Neuroscience,2,"FA, Encoding > Retrieval in Young",Cognition.Memory.Explicit,23
FALSE,30001,2000,Anderson N D,Journal of Cognitive Neuroscience,3,"FA, Retrieval > Encoding in Old",Cognition.Memory.Explicit,18
TRUE,30001,2000,Anderson N D,Journal of Cognitive Neuroscience,4,"FA, Retrieval > Encoding in Young",Cognition.Memory.Explicit,19
FALSE,30001,2000,Anderson N D,Journal of Cognitive Neuroscience,5,FA > DA (Encoding) in Old,Cognition.Attention,26
FALSE,30001,2000,Anderson N D,Journal of Cognitive Neuroscience,6,FA > DA (Encoding) in Young,Cognition.Attention,18
FALSE,30001,2000,Anderson N D,Journal of Cognitive Neuroscience,7,DA > FA (Encoding) in Old,Cognition.Attention,14
FALSE,30001,2000,Anderson N D,Journal of Cognitive Neuroscience,8,DA > FA (Encoding) in Young,Cognition.Attention,14
TRUE,30067,2002,Stephan K M,NeuroImage,1,3% Modulation vs. Isochronous,Action.Execution,5
TRUE,30067,2002,Stephan K M,NeuroImage,2,7% Modulation vs. Isochronous,Action.Execution,7
TRUE,30067,2002,Stephan K M,NeuroImage,3,20% Modulation vs. Isochronous,Action.Execution,19
FALSE,30141,1997,Jennings J M,NeuroImage,1,Latent Variable 3,Cognition.Language.Semantics,12
TRUE,30141,1997,Jennings J M,NeuroImage,2,Latent Variable 4,Cognition.Language.Semantics,12
FALSE,30141,1997,Jennings J M,NeuroImage,3,Latent Variable 5,Cognition.Language.Semantics,13
FALSE,30141,1997,Jennings J M,NeuroImage,4,Semantic Processing - All Response Modes,Cognition.Language.Semantics,5
FALSE,30141,1997,Jennings J M,NeuroImage,5,Semantic Processing - Mouse-Click and Spoken,Cognition.Language.Semantics,1
FALSE,30141,1997,Jennings J M,NeuroImage,6,Semantic Processing - Mouse-click and Silent Thought,Cognition.Language.Semantics,2
FALSE,30141,1997,Jennings J M,NeuroImage,7,Semantic Processing - Spoken and Silent Thought,Cognition.Language.Semantics,2
TRUE,30141,1997,Jennings J M,NeuroImage,8,Semantic Processing - Mouse-Click,Cognition.Language.Semantics,4
FALSE,30141,1997,Jennings J M,NeuroImage,9,Semantic Processing - Spoken,Cognition.Language.Semantics,1
FALSE,30141,1997,Jennings J M,NeuroImage,10,Semantic Processing - Silent Thought,Cognition.Language.Semantics,4
TRUE,30174,1995,Shaywitz B A,Human Brain Mapping,1,Semantic - Phonological,"Cognition.Language.Semantics,Cognition.Language.Speech",15
FALSE,30174,1995,Shaywitz B A,Human Brain Mapping,2,Phonological - Semantic,"Cognition.Language.Phonology,Cognition.Language.Speech",11
FALSE,30185,1998,Wagner A D,Neuroreport,1,Encoding Words > Textures,"Cognition.Memory.Explicit,Cognition.Language.Orthography",11
FALSE,30185,1998,Wagner A D,Neuroreport,2,Encoding Textures > Words,"Perception.Vision.Shape,Cognition.Memory.Explicit",4
TRUE,30185,1998,Wagner A D,Neuroreport,3,Retrieval Words > Textures,"Cognition.Memory.Explicit,Cognition.Language.Orthography",13
FALSE,30185,1998,Wagner A D,Neuroreport,4,Retrieval Textures > Words,"Cognition.Memory.Explicit,Perception.Vision.Shape",4
FALSE,30375,1998,Carlson S,Cerebral Cortex,1,Two-Back vs. Zero-Back,Cognition.Memory.Working,28
FALSE,30375,1998,Carlson S,Cerebral Cortex,2,One-Back vs. Zero-Back,Cognition.Memory.Working,17
TRUE,30375,1998,Carlson S,Cerebral Cortex,3,Two-Back vs. One-Back,Cognition.Memory.Working,26
FALSE,30389,1996,Kosslyn S M,Neuroreport,1,Negative Imagery - Neutral Imagery,Emotion.Other,7
FALSE,30389,1996,Kosslyn S M,Neuroreport,2,Negative Perception - Neutral Perception,Emotion.Other,5
FALSE,30389,1996,Kosslyn S M,Neuroreport,3,Neutral Imagery - Neutral Perception,Perception.Vision.Shape,6
FALSE,30389,1996,Kosslyn S M,Neuroreport,4,Neutral Perception - Neutral Imagery,Perception.Vision.Shape,3
TRUE,30389,1996,Kosslyn S M,Neuroreport,5,Negative Imagery - Negative Perception,"Emotion.Other,Perception.Vision.Shape",12
FALSE,30389,1996,Kosslyn S M,Neuroreport,6,Negative Perception - Negative Imagery,"Emotion.Other,Perception.Vision.Shape",7
FALSE,30409,2000,Pietrini P,American Journal of Psychiatry,1,"Unrestrained Aggression - Emotionally Neutral Behavior, Decreases",Emotion.Other,3
FALSE,30409,2000,Pietrini P,American Journal of Psychiatry,2,"Unrestrained Aggression - Emotionally Neutral Behavior, Increases",Emotion.Other,4
FALSE,30409,2000,Pietrini P,American Journal of Psychiatry,3,"Physical Restraint - Emotionally Neutral Behavior, Decreases",Emotion.Other,3
FALSE,30409,2000,Pietrini P,American Journal of Psychiatry,4,"Cognitive Restraint - Emotionally Neutral Behavior, Decreases",Emotion.Other,3
FALSE,30409,2000,Pietrini P,American Journal of Psychiatry,5,"Cognitive Restraint - Emotionally Neutral Behavior, Increases",Emotion.Other,1
TRUE,30409,2000,Pietrini P,American Journal of Psychiatry,6,"Cognitive Restraint - Unrestrained Aggression, Increases",Emotion.Other,4
TRUE,5070066,2002,Boecker H,NeuroImage,1,Sequences I to V Combined > Rest,Action.Imagination,11
FALSE,5070066,2002,Boecker H,NeuroImage,2,Sequences I to V Combined < Rest,Action.Imagination,5
FALSE,5070066,2002,Boecker H,NeuroImage,3,Positive correlation with sequence complexity,Action.Imagination,5
FALSE,5070066,2002,Boecker H,NeuroImage,4,Inverse correlation with sequence complexity,Action.Imagination,5
FALSE,6040035,2006,Britton J C,NeuroImage,1,Nonsocial (Positive + Negative) > Nonsocial Neutral,"Emotion.Disgust,Interoception.Hunger",4
FALSE,6040035,2006,Britton J C,NeuroImage,2,Nonsocial Positive (Appetite) > Nonsocial Neutral,Interoception.Hunger,6
FALSE,6040035,2006,Britton J C,NeuroImage,3,Nonsocial Negative (Disgust) > Nonsocial Neutral,Emotion.Disgust,3
FALSE,6040035,2006,Britton J C,NeuroImage,4,Social (Positive + Negative) > Social Neutral,"Emotion.Happiness,Emotion.Sadness",10
TRUE,6040035,2006,Britton J C,NeuroImage,5,Social Positive (Joy) > Social Neutral,Emotion.Happiness,10
FALSE,6040035,2006,Britton J C,NeuroImage,6,Social Negative (Sadness) > Social Neutral,Emotion.Sadness,6
FALSE,6040035,2006,Britton J C,NeuroImage,7,"Social > Nonsocial, Emotion (Positive + Negative)","Emotion.Happiness,Emotion.Sadness",4
FALSE,6040035,2006,Britton J C,NeuroImage,8,"Social > Nonsocial, Positive",Emotion.Happiness,6
FALSE,6040035,2006,Britton J C,NeuroImage,9,"Social > Nonsocial, Negative",Emotion.Sadness,6
FALSE,6040035,2006,Britton J C,NeuroImage,10,"Nonsocial > Social, Emotion (Positive + Negative)","Interoception.Hunger,Emotion.Disgust",5
FALSE,6040035,2006,Britton J C,NeuroImage,11,"Nonsocial > Social, Positive",Interoception.Hunger,5
FALSE,6040035,2006,Britton J C,NeuroImage,12,"Nonsocial > Social, Negative",Emotion.Disgust,4
FALSE,6040035,2006,Britton J C,NeuroImage,13,Positive > Neutral,"Emotion.Happiness,Interoception.Hunger",5
FALSE,6040035,2006,Britton J C,NeuroImage,14,Negative > Neutral,"Emotion.Disgust,Emotion.Sadness",4
FALSE,7020069,2007,Basho S,Neuropsychologia,1,Overall Effects for Category-Driven Word Generation,"Cognition.Language.Semantics,Cognition.Language.Speech,Action.Execution.Speech",6
FALSE,7020069,2007,Basho S,Neuropsychologia,2,Factor-Specific Effects for Paced,"Cognition.Language.Semantics,Cognition.Language.Speech,Action.Execution.Speech",7
FALSE,7020069,2007,Basho S,Neuropsychologia,3,Factor-Specific Effects for Unpaced,"Cognition.Language.Semantics,Cognition.Language.Speech,Action.Execution.Speech",1
FALSE,7020069,2007,Basho S,Neuropsychologia,4,Factor-Specific Effects for Overt,"Cognition.Language.Semantics,Cognition.Language.Speech,Action.Execution.Speech",2
FALSE,7020069,2007,Basho S,Neuropsychologia,5,Factor-Specific Effects for Covert,"Cognition.Language.Semantics,Cognition.Language.Speech",3
FALSE,7020069,2007,Basho S,Neuropsychologia,6,Paced > Unpaced,"Cognition.Language.Semantics,Cognition.Language.Speech,Action.Execution.Speech",11
TRUE,7020069,2007,Basho S,Neuropsychologia,7,Covert > Overt,"Cognition.Language.Semantics,Cognition.Language.Speech",8
FALSE,7110325,2007,Kensinger E A,Neuropsychologia,1,"Overall Recognition, Neutral + Negative","Cognition.Memory.Explicit,Emotion.Other",23
FALSE,7110325,2007,Kensinger E A,Neuropsychologia,2,"Overall Recognition, Negative","Cognition.Memory.Explicit,Emotion.Other",19
FALSE,7110325,2007,Kensinger E A,Neuropsychologia,3,"Overall Recognition, Neutral",Cognition.Memory.Explicit,25
FALSE,7110325,2007,Kensinger E A,Neuropsychologia,4,"Successful Recognition, Negative","Cognition.Memory.Explicit,Emotion.Other",30
FALSE,7110325,2007,Kensinger E A,Neuropsychologia,5,"False Recognition, Negative","Cognition.Memory.Explicit,Emotion.Other",1
FALSE,7110325,2007,Kensinger E A,Neuropsychologia,6,"Successful Recognition + False Recognition, Neutral",Cognition.Memory.Explicit,16
FALSE,7110325,2007,Kensinger E A,Neuropsychologia,7,"Successful Recognition, Neutral",Cognition.Memory.Explicit,16
TRUE,7110325,2007,Kensinger E A,Neuropsychologia,8,"False Recognition, Neutral",Cognition.Memory.Explicit,14
FALSE,7110325,2007,Kensinger E A,Neuropsychologia,9,"Visually Specific Recognition, Negative + Neutral","Cognition.Memory.Explicit,Emotion.Other",1
FALSE,7110325,2007,Kensinger E A,Neuropsychologia,10,"Visually Specific Recognition, Negative","Cognition.Memory.Explicit,Emotion.Other",12
FALSE,7110325,2007,Kensinger E A,Neuropsychologia,11,"Visually Specific Recognition, Neutral",Cognition.Memory.Explicit,1
TRUE,8060148,2001,Martin-Soelch C,European Journal of Neuroscience,1,"Monetary Reward - No Reinforcement, Normals","Emotion.Other,Cognition.Other",30
TRUE,8060148,2001,Martin-Soelch C,European Journal of Neuroscience,2,"Monetary Reward - Non-Monetary Reinforcement, Normals","Emotion.Other,Cognition.Other",17
FALSE,8060148,2001,Martin-Soelch C,European Journal of Neuroscience,3,"Non-Monetary Reinforcement - No Reinforcement, Normals","Emotion.Other,Cognition.Other",15
FALSE,8060148,2001,Martin-Soelch C,European Journal of Neuroscience,4,"Monetary Reward - No Reinforcement, Opiate Addicts","Emotion.Other,Cognition.Other,Pharmacology.Opioids",9
FALSE,8060148,2001,Martin-Soelch C,European Journal of Neuroscience,5,"Monetary Reward - Nonmonetary Reinforcement, Opiate Addicts","Emotion.Other,Cognition.Other,Pharmacology.Opioids",5
FALSE,8060148,2001,Martin-Soelch C,European Journal of Neuroscience,6,"Nonmonetary Reinforcement - No Reinforcement, Opiate Addicts","Emotion.Other,Cognition.Other,Pharmacology.Opioids",9
TRUE,8060150,2001,Martin-Solch C,Experimental Brain Research,1,"Monetary Reward - No Reinforcement, Nonsmokers","Emotion.Other,Cognition.Other",30
TRUE,8060150,2001,Martin-Solch C,Experimental Brain Research,2,"Monetary Reward - Nonmonetary Reinforcement, Nonsmokers","Emotion.Other,Cognition.Other",17
FALSE,8060150,2001,Martin-Solch C,Experimental Brain Research,3,"Nonmonetary Reinforcement - No Reinforcement, Nonsmokers","Emotion.Other,Cognition.Other",15
FALSE,8060150,2001,Martin-Solch C,Experimental Brain Research,4,"Monetary Reward - No Reinforcement, Smokers","Emotion.Other,Cognition.Other,Pharmacology.Nicotine",10
FALSE,8060150,2001,Martin-Solch C,Experimental Brain Research,5,"Monetary Reward - Nonmonetary Reinforcement, Smokers","Emotion.Other,Cognition.Other,Pharmacology.Nicotine",16
FALSE,8060150,2001,Martin-Solch C,Experimental Brain Research,6,"Nonmonetary Reinforcement - No Reinforcement, Smokers","Emotion.Other,Cognition.Other,Pharmacology.Nicotine",3
FALSE,8060156,2004,Ramnani N,NeuroImage,1,Reward vs. Nonreward Outcome when Reward was Predicted,"Emotion.Other,Cognition.Other",4
TRUE,8060156,2004,Ramnani N,NeuroImage,2,Reward vs. Nonreward Outcome when Nonreward was Predicted,"Emotion.Other,Cognition.Other",6
FALSE,10030040,2005,Killgore W D,Developmental Psychobiology,1,Low-Calorie and High-Calorie Image Conjunction Analysis,Perception.Gustation,14
FALSE,10030040,2005,Killgore W D,Developmental Psychobiology,2,High-Calorie Foods > Non-Edible Objects,Perception.Gustation,12
TRUE,10030040,2005,Killgore W D,Developmental Psychobiology,3,Positive Correlation with Adolescents in Response to Images of High-Calorie Foods,Perception.Gustation,4
FALSE,10030040,2005,Killgore W D,Developmental Psychobiology,4,Negative Correlation with Adolescents in Response to Images of High-Calorie Foods,Perception.Gustation,9
FALSE,10030040,2005,Killgore W D,Developmental Psychobiology,5,"Adults > Adolescents, High-Calorie Foods",Perception.Gustation,9
FALSE,10030040,2005,Killgore W D,Developmental Psychobiology,6,"Adolescents > Adults, High-Calorie Foods",Perception.Gustation,16
FALSE,10030040,2005,Killgore W D,Developmental Psychobiology,7,Low-Calorie Foods > Non-Edible Objects,Perception.Gustation,11
FALSE,10030040,2005,Killgore W D,Developmental Psychobiology,8,Positive Correlation with Age in Response to Images of Low-Calorie Foods,Perception.Gustation,7
FALSE,10030040,2005,Killgore W D,Developmental Psychobiology,9,Negative Correlation with Age in Response to Images of Low-Calorie Foods,Perception.Gustation,6
FALSE,10030040,2005,Killgore W D,Developmental Psychobiology,10,"Adults > Adolescents, Low-Calorie Foods",Perception.Gustation,3
FALSE,10030040,2005,Killgore W D,Developmental Psychobiology,11,"Adolescents > Adults, Low-Calorie Foods",Perception.Gustation,7
FALSE,10030040,2005,Killgore W D,Developmental Psychobiology,12,Non-Edible Food Related Utensils > Non-Edible Objects,Perception.Vision.Shape,5
FALSE,10030040,2005,Killgore W D,Developmental Psychobiology,13,Positive Correlation with Age in Response to Images of Non-Edible Food Related Utensils,Perception.Vision.Shape,16
FALSE,10030040,2005,Killgore W D,Developmental Psychobiology,14,Negative Correlation with Age in Response to Images of Non-Edible Food Related Utensils,Perception.Vision.Shape,17
FALSE,10030040,2005,Killgore W D,Developmental Psychobiology,15,"Adults > Adolescents, Non-Edible Food Related Utensils",Perception.Vision.Shape,5
FALSE,10030040,2005,Killgore W D,Developmental Psychobiology,16,"Adolescents > Adults, Non-Edible Food Related Utensils",Perception.Vision.Shape,9
FALSE,10030040,2005,Killgore W D,Developmental Psychobiology,17,"High-Calorie - Low-Calorie, Adolescents",Perception.Gustation,5
FALSE,10030040,2005,Killgore W D,Developmental Psychobiology,18,"Low-Calorie - High-Calorie, Adolescents",Perception.Gustation,4
FALSE,11010014,2009,Mitchell D G V,Journal of Neuroscience,1,Reward Differential x Block ANOVA,"Cognition.Other,Emotion.Other,Cognition.Attention",9
TRUE,11010014,2009,Mitchell D G V,Journal of Neuroscience,2,Reversal Errors vs. Correct Control Condition Selections,"Cognition.Other,Emotion.Other,Cognition.Attention",20
TRUE,11030045,2008,Fuhrer D,Obesity,1,Hunger > Satiety,Perception.Gustation,4
FALSE,11030045,2008,Fuhrer D,Obesity,2,Satiety > Hunger,Perception.Gustation,1
FALSE,11030045,2008,Fuhrer D,Obesity,3,Food > Nonfood,Perception.Gustation,12
FALSE,11030045,2008,Fuhrer D,Obesity,4,Nonfood > Food,Perception.Gustation,8
FALSE,11030045,2008,Fuhrer D,Obesity,5,Increased Interaction between the State of Satiation and the Quaility of Visual Stimulation,Perception.Gustation,5
FALSE,11030045,2008,Fuhrer D,Obesity,6,Decreased Interaction between the State of Satiation and the Quality of Visual Stimulation,Perception.Gustation,2
TRUE,11080060,2010,Daniel R,Journal of Cognitive Neuroscience,1,Effect of Entropy,"Cognition.Memory.Explicit,Cognition.Space",18
FALSE,11080060,2010,Daniel R,Journal of Cognitive Neuroscience,2,Effect of Training,"Cognition.Memory.Explicit,Cognition.Space",11
FALSE,11080060,2010,Daniel R,Journal of Cognitive Neuroscience,3,Negative > Positive Feedback,"Cognition.Memory.Explicit,Cognition.Space",19
FALSE,11080060,2010,Daniel R,Journal of Cognitive Neuroscience,4,Positive > Negative Feedback,"Cognition.Memory.Explicit,Cognition.Space",9
FALSE,11080063,2006,Dreher J C,Cerebral Cortex,1,Error Prediction at S1: P=0.5 $20 > P=0.25 $20,"Cognition.Other,Emotion.Other",11
FALSE,11080063,2006,Dreher J C,Cerebral Cortex,2,Error Prediction at S2: $20 in Slot A > $20 in Slot B,"Cognition.Other,Emotion.Other",9
FALSE,11080063,2006,Dreher J C,Cerebral Cortex,3,Reward Uncertainty During the Delay: P=0.5 $20 > P=0.25 $20,"Cognition.Other,Emotion.Other",4
FALSE,11080063,2006,Dreher J C,Cerebral Cortex,4,Conjunction Error Prediction at S1 and S2,"Cognition.Other,Emotion.Other",8
FALSE,11080063,2006,Dreher J C,Cerebral Cortex,5,Error Prediction at S2 (No Reward): P=0.75 $0 > P=0.5 $0,"Cognition.Other,Emotion.Other",4
TRUE,11080063,2006,Dreher J C,Cerebral Cortex,6,Error Prediction at S2 (No Reward): P=0.5 $0 > P=0.75 $0,"Cognition.Other,Emotion.Other",9
FALSE,13030029,2011,Diaz M T,Journal of Cognitive Neuroscience,1,All Valid Sentences > Nonword Sentences,Cognition.Language.Semantics,7
FALSE,13030029,2011,Diaz M T,Journal of Cognitive Neuroscience,2,Metaphor > Literal,"Cognition.Language.Semantics,Cognition.Reasoning",6
TRUE,13030029,2011,Diaz M T,Journal of Cognitive Neuroscience,3,Congruent > Incongruent,"Cognition.Language.Semantics,Cognition.Reasoning",10
FALSE,13030029,2011,Diaz M T,Journal of Cognitive Neuroscience,4,Incongruent > Congruent,"Cognition.Language.Semantics,Cognition.Reasoning",3
FALSE,14010010,2012,Hasenkamp W,NeuroImage,1,Aware > MW,"Cognition.Attention,Action.Rest",7
FALSE,14010010,2012,Hasenkamp W,NeuroImage,2,Shift > MW,"Cognition.Attention,Action.Rest",6
FALSE,14010010,2012,Hasenkamp W,NeuroImage,3,Focus > MW,"Cognition.Attention,Action.Rest",1
FALSE,14010010,2012,Hasenkamp W,NeuroImage,4,MW > Shift,"Cognition.Attention,Action.Rest",11
FALSE,14010010,2012,Hasenkamp W,NeuroImage,5,Positive correlation between practice time and aware phase,"Cognition.Attention,Action.Rest",1
TRUE,14010010,2012,Hasenkamp W,NeuroImage,6,Negative correlation between practice time and shift phase,"Cognition.Attention,Action.Rest",12
FALSE,14010010,2012,Hasenkamp W,NeuroImage,7,Positive correlation between practice time and focus phase,"Cognition.Attention,Action.Rest",1
FALSE,15010012,2001,Vogeley K,NeuroImage,1,ToM stories > Unlinked sentences,,1
TRUE,15010012,2001,Vogeley K,NeuroImage,2,Self and other ascription stories > Unlinked sentences,,3
FALSE,15010012,2001,Vogeley K,NeuroImage,3,Self ascription stories > Unlinked sentences,,4
FALSE,15010012,2001,Vogeley K,NeuroImage,4,Main effect of TOM,,7
FALSE,15010012,2001,Vogeley K,NeuroImage,5,Main effect of SELF,,7
FALSE,15010012,2001,Vogeley K,NeuroImage,6,SELF relative to TOM,,6
FALSE,15010012,2001,Vogeley K,NeuroImage,7,Interaction of TOM and SELF,,1
TRUE,16050126,2003,Nagai Y,NeuroImage,1,Regional Brain Activity Associated with Contingent Negative Variation (CNV),"Cognition.Attention,Perception.Audition",10
FALSE,16050130,2009,Chiao J Y,Neuropsychologia,1,Number comparison,Cognition.Reasoning,5
FALSE,16050130,2009,Chiao J Y,Neuropsychologia,2,Uniform comparison,"Cognition.Social Cognition,Cognition.Reasoning,Perception.Vision",12
FALSE,16050130,2009,Chiao J Y,Neuropsychologia,3,Face comparison,"Cognition.Social Cognition,Perception.Vision,Cognition.Reasoning",8
FALSE,16050130,2009,Chiao J Y,Neuropsychologia,4,Car comparison,"Perception.Vision,Cognition.Reasoning",12
FALSE,16050130,2009,Chiao J Y,Neuropsychologia,5,Number distance [C-F],Cognition.Reasoning,8
FALSE,16050130,2009,Chiao J Y,Neuropsychologia,6,Uniform distance [C-F],"Perception.Vision,Cognition.Reasoning,Cognition.Social Cognition",3
FALSE,16050130,2009,Chiao J Y,Neuropsychologia,7,Face distance [C-F],"Cognition.Social Cognition,Cognition.Reasoning,Perception.Vision",4
FALSE,16050130,2009,Chiao J Y,Neuropsychologia,8,Car distance [C-F],"Cognition.Reasoning,Perception.Vision",9
FALSE,16050130,2009,Chiao J Y,Neuropsychologia,9,Number [C-F] - Face[C-F],"Cognition.Reasoning,Perception.Vision",3
FALSE,16050130,2009,Chiao J Y,Neuropsychologia,10,Uniform[C-F] - Number[C-F],"Cognition.Reasoning,Perception.Vision",3
TRUE,16050130,2009,Chiao J Y,Neuropsychologia,11,Face[C-F] - Number[C-F],"Cognition.Social Cognition,Cognition.Reasoning,Perception.Vision",7
FALSE,16050130,2009,Chiao J Y,Neuropsychologia,12,Face[C-F] - Car[C-F],"Cognition.Reasoning,Perception.Vision",2
FALSE,16050130,2009,Chiao J Y,Neuropsychologia,13,Car[C-F] - Number[C-F],"Cognition.Reasoning,Perception.Vision",2
FALSE,16050130,2009,Chiao J Y,Neuropsychologia,14,Car[C-F] - Uniform[C-F],"Cognition.Reasoning,Perception.Vision",2
FALSE,16050130,2009,Chiao J Y,Neuropsychologia,15,Car[C-F] - Face[C-F],"Cognition.Social Cognition,Cognition.Reasoning,Perception.Vision",5
TRUE,30061,2000,Savic I,Neuron,1,OS vs. AS,Perception.Olfaction,5
FALSE,30061,2000,Savic I,Neuron,2,OD-i vs. OS,Perception.Olfaction,2
FALSE,30061,2000,Savic I,Neuron,3,OD-q vs. OS,Perception.Olfaction,7
FALSE,30061,2000,Savic I,Neuron,4,OM vs. OS,"Perception.Olfaction,Cognition.Memory.Explicit",8
FALSE,30076,2000,Zatorre R J,Neuroreport,1,Affect vs. Baseline,"Perception.Olfaction,Emotion.Other",6
TRUE,30076,2000,Zatorre R J,Neuroreport,2,Intensity vs. Baseline,Perception.Olfaction,5
FALSE,30098,2002,Pessoa L,Proceedings of the National Academy of Sciences,1,Fearful > Neutral - Valence by Attention Interaction,Emotion.Fear,12
TRUE,30098,2002,Pessoa L,Proceedings of the National Academy of Sciences,2,Fearful > Happy - Valence by Attention Interaction,Emotion.Fear,11
TRUE,30126,1994,Decety J,Nature,1,Movement Observation - Visual Inspection,Action.Observation,32
FALSE,30126,1994,Decety J,Nature,2,Movement Observation - Motor Imagery,Action.Observation,32
TRUE,30126,1994,Decety J,Nature,3,Motor Imagery - Visual Inspection,Action.Imagination,34
FALSE,30126,1994,Decety J,Nature,4,Motor Imagery - Movement Observation,Action.Imagination,52
TRUE,30177,2000,Sobel N,Journal of Neurophysiology,1,Odorant vs. No-Odorant,Perception.Olfaction,32
FALSE,30199,2002,Shaw M E,NeuroImage,1,"Activations in Controls, GLM",Cognition.Memory.Working,6
TRUE,30199,2002,Shaw M E,NeuroImage,2,"Activations in Controls, CVA",Cognition.Memory.Working,3
FALSE,30199,2002,Shaw M E,NeuroImage,3,"Activations in PTSD Patients, GLM",Cognition.Memory.Working,2
FALSE,30199,2002,Shaw M E,NeuroImage,4,"Activations in PTSD Patients, CVA",Cognition.Memory.Working,4
TRUE,30201,2000,Etard O,Neuroreport,1,Conjunction: (Naming vs. Rest) and (Verb vs. Rest),"Cognition.Language.Semantics,Cognition.Language.Speech,Action.Execution.Speech",21
FALSE,30201,2000,Etard O,Neuroreport,2,(Verb - Rest) - (Naming - Rest),Cognition.Language.Semantics,13
FALSE,30201,2000,Etard O,Neuroreport,3,(Naming - Rest) - (Verb - Rest),Cognition.Language.Semantics,5
FALSE,30213,2001,Tan L H,NeuroImage,1,Semantic Relatedness Judgment vs. Crosshair Fixation,Cognition.Language.Semantics,36
TRUE,30213,2001,Tan L H,NeuroImage,2,Homophone Decision vs. Crosshair Fixation,Cognition.Language.Phonology,38
TRUE,30301,2003,Abel K M,Human Brain Mapping,1,"Neutral Faces vs. Fixation, Placebo",Cognition.Other,23
FALSE,30301,2003,Abel K M,Human Brain Mapping,2,"Neutral Faces vs. Fixation, Ketamine",Pharmacology.Ketamine,9
FALSE,30301,2003,Abel K M,Human Brain Mapping,3,Placebo vs. Ketamine,Pharmacology.Ketamine,2
FALSE,30351,1996,Kawashima R,Brain Research,1,Response Selection - Control,"Cognition.Attention,Action.Execution",40
TRUE,30351,1996,Kawashima R,Brain Research,2,Go/NoGo Task - Control Task,"Cognition.Attention,Action.Inhibition",39
TRUE,30366,1997,Baker S C,Psychological Medicine,1,"Verbal Fluency - Repetition, Increases",Cognition.Language.Speech,10
FALSE,30366,1997,Baker S C,Psychological Medicine,2,"Verbal Fluency - Repetition, Decreases",Cognition.Language.Speech,15
FALSE,30366,1997,Baker S C,Psychological Medicine,3,"Depressed - Neutral, Increases",Emotion.Sadness,8
FALSE,30366,1997,Baker S C,Psychological Medicine,4,"Depressed - Neutral, Decreases",Emotion.Sadness,4
FALSE,30366,1997,Baker S C,Psychological Medicine,5,"Elated - Neutral, Increases",Emotion.Happiness,12
FALSE,30366,1997,Baker S C,Psychological Medicine,6,"Elated - Neutral, Decreases",Emotion.Happiness,5
TRUE,30412,2000,Redoute J,Human Brain Mapping,1,Explicit - Emotionally Neutral Film,Interoception.Sexuality,17
FALSE,30412,2000,Redoute J,Human Brain Mapping,2,Conjunction 1 Increases,Interoception.Sexuality,14
TRUE,30412,2000,Redoute J,Human Brain Mapping,3,Conjunction 2 Increases,Interoception.Sexuality,7
FALSE,30412,2000,Redoute J,Human Brain Mapping,4,Emotionally Neutral - Explicit Film,Interoception.Sexuality,16
FALSE,30412,2000,Redoute J,Human Brain Mapping,5,Conjunction 1 Decreases,Interoception.Sexuality,14
FALSE,30412,2000,Redoute J,Human Brain Mapping,6,Conjunction 2 Decreases,Interoception.Sexuality,2
TRUE,5040045,2001,Becerra L R,Neuron,1,"(Warm + Noxious) - Baseline, Early Phase",Perception.Somesthesis.Pain,31
FALSE,5040045,2001,Becerra L R,Neuron,2,"Warm - Baseline, Early Phase",Perception.Somesthesis,4
FALSE,5040045,2001,Becerra L R,Neuron,3,"(Warm + Noxious) - Baseline, Late Phase Increases",Perception.Somesthesis.Pain,9
FALSE,5040045,2001,Becerra L R,Neuron,4,"(Warm + Noxious) - Baseline, Late Phase Decreases",Perception.Somesthesis.Pain,50
FALSE,5040045,2001,Becerra L R,Neuron,5,"Warm - Baseline, Late Phase",Perception.Somesthesis,1
FALSE,6050067,2004,Brown S,Cognitive Brain Research,1,Monotonic Vocalization vs. Rest,Cognition.Music,34
FALSE,6050067,2004,Brown S,Cognitive Brain Research,2,Melody Repetition vs. Rest,Cognition.Music,19
TRUE,6050067,2004,Brown S,Cognitive Brain Research,3,Harmonization vs. Rest,Cognition.Music,28
TRUE,6080135,2004,Monks P J,Bipolar Disorders,1,"2-Back vs. Baseline, Controls",Cognition.Memory.Working,17
FALSE,6080135,2004,Monks P J,Bipolar Disorders,2,"2-Back vs. Baseline, Bipolars",Cognition.Memory.Working,16
FALSE,6080135,2004,Monks P J,Bipolar Disorders,3,"Controls > Bipolars, 2-Back",Cognition.Memory.Working,7
FALSE,6080135,2004,Monks P J,Bipolar Disorders,4,"Bipolars > Controls, 2-Back",Cognition.Memory.Working,3
FALSE,6080135,2004,Monks P J,Bipolar Disorders,5,"Sternberg, Controls",Cognition.Memory.Working,17
FALSE,6080135,2004,Monks P J,Bipolar Disorders,6,"Sternberg, Bipolars",Cognition.Memory.Working,13
FALSE,7010029,1998,Stevens A A,Archives of General Psychiatry,1,"WSPT vs. Baseline, Normals","Perception.Audition,Cognition.Memory.Working",21
FALSE,7010029,1998,Stevens A A,Archives of General Psychiatry,2,"WSPT vs. Baseline, Schizophrenia Patients","Perception.Audition,Cognition.Memory.Working",21
TRUE,7010029,1998,Stevens A A,Archives of General Psychiatry,3,"TSPT vs. Baseline, Normals","Perception.Audition,Cognition.Memory.Working",22
FALSE,7010029,1998,Stevens A A,Archives of General Psychiatry,4,"TSPT vs. Baseline, Schizophrenia Patients","Perception.Audition,Cognition.Memory.Working",22
FALSE,7080213,2003,de Araujo I E,Journal of Neurophysiology,1,Water - Tasteless,Interoception.Thirst,7
FALSE,7080213,2003,de Araujo I E,Journal of Neurophysiology,2,Water AND Salt AND Glucose,Interoception.Thirst,4
FALSE,7080213,2003,de Araujo I E,Journal of Neurophysiology,3,"Water - Tasteless, Pre- vs. Post-Satiety",Interoception.Thirst,2
FALSE,7080213,2003,de Araujo I E,Journal of Neurophysiology,4,"Water, Pre- vs. Post-Satiety",Interoception.Thirst,2
TRUE,7080213,2003,de Araujo I E,Journal of Neurophysiology,5,Brain Activity Correlated with Pleasantness Ratings of Water,Interoception.Thirst,5
FALSE,7080213,2003,de Araujo I E,Journal of Neurophysiology,6,"Rest, Pre- vs. Post-Satiety",Interoception.Thirst,1
FALSE,7080224,2006,Remijnse P L,Archives of General Psychiatry,1,"Reward, OCD Patients","Cognition.Other,Emotion.Other",4
TRUE,7080224,2006,Remijnse P L,Archives of General Psychiatry,2,"Reward, Normals","Cognition.Other,Emotion.Other",9
FALSE,7080224,2006,Remijnse P L,Archives of General Psychiatry,3,"Reward, Normals vs. OCD Patients","Cognition.Other,Emotion.Other",5
FALSE,7080224,2006,Remijnse P L,Archives of General Psychiatry,4,"Punishment, OCD Patients","Cognition.Other,Emotion.Other",5
TRUE,7080224,2006,Remijnse P L,Archives of General Psychiatry,5,"Punishment, Normals","Cognition.Other,Emotion.Other",5
FALSE,7080224,2006,Remijnse P L,Archives of General Psychiatry,6,"Affective Switching, OCD Patients","Cognition.Other,Emotion.Other",5
FALSE,7080224,2006,Remijnse P L,Archives of General Psychiatry,7,"Affective Switching, Normals","Cognition.Other,Emotion.Other",8
FALSE,7080224,2006,Remijnse P L,Archives of General Psychiatry,8,"Affective Switching, Normals vs. OCD Patients","Cognition.Other,Emotion.Other",7
FALSE,7110315,2006,Carlsson K,NeuroImage,1,Uncorrelated > Correlated,"Perception.Somesthesis.Pain,Cognition.Attention,Emotion.Anxiety",12
FALSE,7110315,2006,Carlsson K,NeuroImage,2,Correlated > Uncorrelated,"Perception.Somesthesis.Pain,Emotion.Anxiety,Cognition.Attention",11
FALSE,7110315,2006,Carlsson K,NeuroImage,3,Uncorrelated High > Correlated High,"Perception.Somesthesis.Pain,Cognition.Attention,Emotion.Anxiety",9
FALSE,7110315,2006,Carlsson K,NeuroImage,4,Correlated High > Uncorrelated High,"Perception.Somesthesis.Pain,Emotion.Anxiety,Cognition.Attention",10
FALSE,7110315,2006,Carlsson K,NeuroImage,5,Uncorrelated Low > Correlated Low,"Emotion.Anxiety,Cognition.Attention",8
FALSE,7110315,2006,Carlsson K,NeuroImage,6,Correlated Low > Uncorrelated Low,"Emotion.Anxiety,Cognition.Attention",14
FALSE,7110315,2006,Carlsson K,NeuroImage,7,High > Low,"Perception.Somesthesis.Pain,Emotion.Anxiety,Cognition.Attention",24
TRUE,7110315,2006,Carlsson K,NeuroImage,8,Low > High,"Emotion.Anxiety,Cognition.Attention",2
FALSE,7120357,2004,Bjork J M,Journal of Neuroscience,1,"Gain vs. Non-Gain Anticipation, Adults","Emotion.Other,Cognition.Other",13
FALSE,7120357,2004,Bjork J M,Journal of Neuroscience,2,"Gain vs. Non-Gain Anticipation, Adolescents","Emotion.Other,Cognition.Other",8
FALSE,7120357,2004,Bjork J M,Journal of Neuroscience,3,"Loss vs. Non-Loss Anticipation, Adults","Emotion.Other,Cognition.Other",4
FALSE,7120357,2004,Bjork J M,Journal of Neuroscience,4,"Loss vs. Non-Loss Anticipation, Adolescents","Emotion.Other,Cognition.Other",5
TRUE,7120357,2004,Bjork J M,Journal of Neuroscience,5,"Gain vs. Non-Gain Outcome, Adults","Emotion.Other,Cognition.Other",16
FALSE,7120357,2004,Bjork J M,Journal of Neuroscience,6,"Gain vs. Non-Gain Outcome, Adolescents","Emotion.Other,Cognition.Other",17
FALSE,7120357,2004,Bjork J M,Journal of Neuroscience,7,"Loss vs. Non-Loss Outcome, Adults","Emotion.Other,Cognition.Other",6
FALSE,7120357,2004,Bjork J M,Journal of Neuroscience,8,"Loss vs. Non-Loss Outcome, Adolescents","Emotion.Other,Cognition.Other",4
FALSE,7120367,2007,Liu X,Journal of Neuroscience,1,Bet > Bank,"Emotion.Other,Cognition.Other",5
FALSE,7120367,2007,Liu X,Journal of Neuroscience,2,Bank > Bet,"Emotion.Other,Cognition.Other",8
FALSE,7120367,2007,Liu X,Journal of Neuroscience,3,Win > Loss,"Emotion.Other,Cognition.Other",8
FALSE,7120367,2007,Liu X,Journal of Neuroscience,4,Loss > Win,"Emotion.Other,Cognition.Other",6
TRUE,7120367,2007,Liu X,Journal of Neuroscience,5,Right > Wrong,"Emotion.Other,Cognition.Other",8
FALSE,7120367,2007,Liu X,Journal of Neuroscience,6,Wrong > Right,"Emotion.Other,Cognition.Other",7
FALSE,7120376,2001,Knutson B,Neuroreport,1,Anticipation: Reward vs. No Reward Response,"Emotion.Other,Cognition.Other",13
FALSE,7120376,2001,Knutson B,Neuroreport,2,Anticipation: Response vs. No Response,"Emotion.Other,Action.Execution,Cognition.Other",7
TRUE,7120376,2001,Knutson B,Neuroreport,3,Outcome: $1.00 Reward vs. $50.00 Reward,"Emotion.Other,Cognition.Other",6
FALSE,7120376,2001,Knutson B,Neuroreport,4,Outcome: All Reward vs. No Reward,"Emotion.Other,Cognition.Other",4
FALSE,7120379,2008,Strohle A,NeuroImage,1,"Anticipation of Gain vs. Nongain, Healthy Controls","Emotion.Other,Cognition.Other",7
FALSE,7120379,2008,Strohle A,NeuroImage,2,"Anticipation of Gain vs. Nongain, Healthy Controls > ADHD Patients","Emotion.Other,Cognition.Other",1
TRUE,7120379,2008,Strohle A,NeuroImage,3,"Outcome of Gain vs. Nongain, Healthy Controls","Emotion.Other,Cognition.Other",2
FALSE,7120379,2008,Strohle A,NeuroImage,4,"Outcome of Gain vs. Nongain, ADHD Patients","Emotion.Other,Cognition.Other",7
FALSE,7120379,2008,Strohle A,NeuroImage,5,"Outcome of Gain vs. Nongain, ADHD Patients > Healthy Controls","Emotion.Other,Cognition.Other",8
TRUE,8030083,2006,Coan J A,Psychological Science,1,"Threatened - Safe, No Hand Holding","Emotion.Anxiety,Emotion.Fear",24
FALSE,8030083,2006,Coan J A,Psychological Science,2,"No Hand Holding, Threatened > Hand Holding with Spouse, Threatened","Emotion.Anxiety,Emotion.Fear",7
FALSE,8030083,2006,Coan J A,Psychological Science,3,"No Hand Holding, Threatened > Hand Holding with Stranger, Threatened","Emotion.Anxiety,Emotion.Fear",5
FALSE,8030083,2006,Coan J A,Psychological Science,4,"Hand Holding with Stranger > Hand Holding with Spouse, Threatened","Emotion.Anxiety,Emotion.Fear",1
FALSE,8030083,2006,Coan J A,Psychological Science,5,Negative Correlations between WDAS and Threat-Related Activation during Hand Holding with Spouse,"Emotion.Anxiety,Emotion.Fear",3
FALSE,8030083,2006,Coan J A,Psychological Science,6,Positive Correlation between Shock Pain Ratings and Threat-Related Activation,"Emotion.Anxiety,Emotion.Fear",2
FALSE,8060158,2007,Sailer U,NeuroImage,1,"Wins vs. Losses, Exploratory Phase","Emotion.Other,Cognition.Other",5
TRUE,8060158,2007,Sailer U,NeuroImage,2,"Correct vs. Wrong, Exploratory Phase","Emotion.Other,Cognition.Other",7
FALSE,8060158,2007,Sailer U,NeuroImage,3,Interaction of Utilitarian and Performance Feedback,"Emotion.Other,Cognition.Other",15
FALSE,8060158,2007,Sailer U,NeuroImage,4,"Wins vs. Losses, Exploratory vs. Proficiency Phase","Cognition.Memory,Emotion.Other,Cognition.Other",31
TRUE,8060158,2007,Sailer U,NeuroImage,5,Interaction of Feedback and Learning Phase,"Cognition.Memory,Emotion.Other,Cognition.Other",4
FALSE,8080233,2007,Qin S,NeuroImage,1,Hit Discontinuous Associations vs. Hit Simultaneous Associations,Cognition.Memory.Explicit,13
TRUE,8080233,2007,Qin S,NeuroImage,2,Formation of New Memories Including Associations vs. Miss,Cognition.Memory.Explicit,20
FALSE,8100250,2001,O'Doherty J,Journal of Neurophysiology,1,Glucose - Tasteless,Perception.Gustation,14
TRUE,8100250,2001,O'Doherty J,Journal of Neurophysiology,2,Salt - Tasteless,Perception.Gustation,10
TRUE,8110311,1992,Zatorre R J,Nature,1,Odor vs. Odorless,Perception.Olfaction,6
FALSE,9010026,2007,Sabatinelli D,Journal of Neurophysiology,1,"Pleasant > Neutral, Study 1","Emotion.Other,Interoception.Sexuality",19
TRUE,9010026,2007,Sabatinelli D,Journal of Neurophysiology,2,"Unpleasant > Neutral, Study 1",Emotion.Other,14
FALSE,9010026,2007,Sabatinelli D,Journal of Neurophysiology,3,"Pleasant > Neutral, Study 2","Emotion.Other,Interoception.Sexuality",15
FALSE,9010026,2007,Sabatinelli D,Journal of Neurophysiology,4,"Unpleasant > Neutral, Study 2",Emotion.Other,9
FALSE,10050106,2003,Kringelbach M L,Cerebral Cortex,1,Correlation of Pleasantness Ratings with Activation,Perception.Gustation,1
TRUE,10050106,2003,Kringelbach M L,Cerebral Cortex,2,(Chocolate Milk + Tomato Juice) > Neutral Solution,Perception.Gustation,5
FALSE,10050106,2003,Kringelbach M L,Cerebral Cortex,3,"Satiation Effects of Food Type, Conjunction of Chocolate Milk & Tomato Juice",Perception.Gustation,3
FALSE,10050106,2003,Kringelbach M L,Cerebral Cortex,4,Sensory-Specific Satiety-Related Change of Activation for Chocolate Milk,Perception.Gustation,4
TRUE,10050109,2003,O'Doherty J P,Neuron,1,"Learning Rate and Signed PE Response, Responding to delta t(cs) & Signed(delta t(ucs)",Cognition.Attention,3
FALSE,10050109,2003,O'Doherty J P,Neuron,2,Significant Effects to Slower Learning Rate,Cognition.Attention,2
FALSE,10050109,2003,O'Doherty J P,Neuron,3,"Delta t(cs) & Delta t(ucs) Components, Delta t(cs) Masked with Signed Delta t(cs)",Cognition.Attention,17
FALSE,10050109,2003,O'Doherty J P,Neuron,4,"Delta t(cs) & Delta t(ucs) Components, Delta t(cs) Masked with Absolute Value of Delta t(cs)",Cognition.Attention,3
FALSE,10050109,2003,O'Doherty J P,Neuron,5,"TD Analysis of CSneut Condition, Less Stringent Test of Conjunction Between the Two Regressors",Cognition.Attention,3
FALSE,10050109,2003,O'Doherty J P,Neuron,6,"TD Analysis of CSneut Condition, PE Responses in Reward & Neutral Conditions",Cognition.Attention,2
FALSE,11010021,2009,Peters J,Journal of Neuroscience,1,"Positive Correlation with Subjective Value of Delayed Reward, Delay Discounting","Cognition.Other,Emotion.Other",25
FALSE,11010021,2009,Peters J,Journal of Neuroscience,2,"Positive Correlation with Subjective Value of Delayed Reward, Delay > Probabilistic Discounting","Cognition.Other,Emotion.Other",8
FALSE,11010021,2009,Peters J,Journal of Neuroscience,3,Subjective Valuation during Probabilistic Discounting,"Cognition.Other,Emotion.Other",59
FALSE,11010021,2009,Peters J,Journal of Neuroscience,4,"Subjective Valuation during Probabilistic Discounting, Probabilistic Discounting > Delay Discounting","Cognition.Other,Emotion.Other",45
FALSE,11010021,2009,Peters J,Journal of Neuroscience,5,Correlation between Subjective Value and both Delay Discounting and Probabilistic Discounting,"Cognition.Other,Emotion.Other",4
FALSE,11010021,2009,Peters J,Journal of Neuroscience,6,"Correlation with Inverse Delay-to-Reward, Orthogonalized with Respect to Subjective Value","Cognition.Other,Emotion.Other",2
FALSE,11010021,2009,Peters J,Journal of Neuroscience,7,"Correlation with Reward Probability, Orthogonalized with Respect to Subjective Value","Cognition.Other,Emotion.Other",32
FALSE,11010021,2009,Peters J,Journal of Neuroscience,8,Subjective Value Correlation Delay Discounting,"Cognition.Other,Emotion.Other",19
FALSE,11010021,2009,Peters J,Journal of Neuroscience,9,Correlation with Inverse Delay-to-Reward,"Cognition.Other,Emotion.Other",13
TRUE,11010021,2009,Peters J,Journal of Neuroscience,10,Correlation with Reward Probability,"Cognition.Other,Emotion.Other",54
FALSE,11010021,2009,Peters J,Journal of Neuroscience,11,"Correlation with Reward Magnitude, Delay Discounting","Cognition.Other,Emotion.Other",15
FALSE,11010021,2009,Peters J,Journal of Neuroscience,12,"Correlation with Reward Magnitude, Probability Discounting","Cognition.Other,Emotion.Other",19
FALSE,11030043,2006,Beaver J D,Journal of Neuroscience,1,Appetizing - Bland,Perception.Gustation,16
FALSE,11030043,2006,Beaver J D,Journal of Neuroscience,2,Appetizing - Disgusting,Perception.Gustation,8
FALSE,11030043,2006,Beaver J D,Journal of Neuroscience,3,Appetizing - Nonfood,Perception.Gustation,16
FALSE,11030043,2006,Beaver J D,Journal of Neuroscience,4,Disgusting - Bland,Perception.Gustation,9
TRUE,11030043,2006,Beaver J D,Journal of Neuroscience,5,Disgusting - Appetizing,Perception.Gustation,3
FALSE,11030043,2006,Beaver J D,Journal of Neuroscience,6,Disgusting - Nonfood,Perception.Gustation,5
FALSE,11080064,2009,Engelmann J B,Brain Research,1,Activations During Risky Choice,"Cognition.Other,Emotion.Other",25
TRUE,11080064,2009,Engelmann J B,Brain Research,2,Correlations Between Risk Preference and Activations During Risky Choice,"Cognition.Other,Emotion.Other",18
FALSE,11080064,2009,Engelmann J B,Brain Research,3,Correlations Between Risk Preference and Deactivations During Risky Choice,"Cognition.Other,Emotion.Other",1
FALSE,11080064,2009,Engelmann J B,Brain Research,4,Activations During Anticipation Period After Risky Choice,"Cognition.Other,Emotion.Other",7
FALSE,11080064,2009,Engelmann J B,Brain Research,5,Activations During the Outcome Period After (Won vs. Lost),"Cognition.Other,Emotion.Other",45
FALSE,16040107,2002,Grossman M,Human Brain Mapping,1,All Verbs - Baseline,Cognition.Language.Semantics,3
TRUE,16040107,2002,Grossman M,Human Brain Mapping,2,[Motion Verbs - Baseline] - [Cognition Verbs - Baseline],Cognition.Language.Semantics,3
FALSE,16040107,2002,Grossman M,Human Brain Mapping,3,[Cognition Verbs - Baseline] - [Motion Verbs - Baseline],Cognition.Language.Semantics,1