FALSE,30135,2001,Grady C L,NeuroImage,1,Object Recognition - Object Control,Cognition.Memory.Explicit,18
TRUE,30135,2001,Grady C L,NeuroImage,2,Word Recognition - Word Control,Cognition.Memory.Explicit,19
FALSE,30241,1995,Bookheimer S Y,Human Brain Mapping,1,Read Words Silently - Words Control,Cognition.Language.Orthography,10
FALSE,30241,1995,Bookheimer S Y,Human Brain Mapping,2,Read Words Aloud - Words Control,"Cognition.Language.Speech,Action.Execution.Speech",33
TRUE,30241,1995,Bookheimer S Y,Human Brain Mapping,3,Name Objects Silently - Objects Control,"Cognition.Language.Speech,Cognition.Language.Semantics",14
FALSE,30241,1995,Bookheimer S Y,Human Brain Mapping,4,Name Objects Aloud - Objects Control,"Cognition.Language.Speech,Action.Execution.Speech,Cognition.Language.Semantics",19
FALSE,30241,1995,Bookheimer S Y,Human Brain Mapping,5,Words Control - Read Words Silently,Cognition.Language.Speech,10
FALSE,30241,1995,Bookheimer S Y,Human Brain Mapping,6,Words Control - Read Words Aloud,"Cognition.Language.Speech,Action.Execution.Speech",17
FALSE,30241,1995,Bookheimer S Y,Human Brain Mapping,7,Objects Control - Name Objects Silently,"Cognition.Language.Speech,Cognition.Language.Semantics",7
FALSE,30241,1995,Bookheimer S Y,Human Brain Mapping,8,Objects Control - Name Objects Aloud,"Cognition.Language.Speech,Action.Execution.Speech,Cognition.Language.Semantics",23
FALSE,5040019,1999,Murtha S,Journal of Cognitive Neuroscience,1,Abstract Patterns - Baseline (Activations),Perception.Vision.Shape,16
FALSE,5040019,1999,Murtha S,Journal of Cognitive Neuroscience,2,Abstract Patterns - Baseline (Deactivations),Perception.Vision.Shape,11
FALSE,5040019,1999,Murtha S,Journal of Cognitive Neuroscience,3,Abstract Patterns - Anticipation (Activations),Perception.Vision.Shape,18
FALSE,5040019,1999,Murtha S,Journal of Cognitive Neuroscience,4,Abstract Patterns - Anticipation (Deactivations),Perception.Vision.Shape,12
FALSE,5040019,1999,Murtha S,Journal of Cognitive Neuroscience,5,Picture Naming - Baseline (Activations),"Cognition.Language.Semantics,Cognition.Language.Speech,Action.Execution.Speech",22
FALSE,5040019,1999,Murtha S,Journal of Cognitive Neuroscience,6,Picture Naming - Baseline (Deactivations),"Cognition.Language.Semantics,Cognition.Language.Speech,Action.Execution.Speech",15
FALSE,5040019,1999,Murtha S,Journal of Cognitive Neuroscience,7,Picture Naming - Anticipation (Activations),"Cognition.Language.Semantics,Cognition.Language.Speech,Action.Execution.Speech",25
FALSE,5040019,1999,Murtha S,Journal of Cognitive Neuroscience,8,Picture Naming - Anticipation (Deactivations),"Cognition.Language.Semantics,Cognition.Language.Speech,Action.Execution.Speech",18
FALSE,5040019,1999,Murtha S,Journal of Cognitive Neuroscience,9,Semantic Judgment - Baseline (Activations),Cognition.Language.Semantics,23
FALSE,5040019,1999,Murtha S,Journal of Cognitive Neuroscience,10,Semantic Judgment - Baseline (Deactivations),Cognition.Language.Semantics,16
FALSE,5040019,1999,Murtha S,Journal of Cognitive Neuroscience,11,Semantic Judgment - Anticipation (Activations),Cognition.Language.Semantics,13
FALSE,5040019,1999,Murtha S,Journal of Cognitive Neuroscience,12,Semantic Judgment - Anticipation (Deactivations),Cognition.Language.Semantics,16
FALSE,5040019,1999,Murtha S,Journal of Cognitive Neuroscience,13,Picture Naming - Abstract Patterns (Activations),"Cognition.Language.Semantics,Cognition.Language.Speech",25
FALSE,5040019,1999,Murtha S,Journal of Cognitive Neuroscience,14,Picture Naming - Abstract Patterns (Deactivations),"Cognition.Language.Semantics,Cognition.Language.Speech",18
FALSE,5040019,1999,Murtha S,Journal of Cognitive Neuroscience,15,Semantic Judgment - Picture Naming (Activations),Cognition.Language.Semantics,5
FALSE,5040019,1999,Murtha S,Journal of Cognitive Neuroscience,16,Semantic Judgment - Picture Naming (Deactivations),Cognition.Language.Semantics,6
FALSE,5040019,1999,Murtha S,Journal of Cognitive Neuroscience,17,Abstract Patterns Anticipation - Baseline (Activations),Action.Preparation,6
FALSE,5040019,1999,Murtha S,Journal of Cognitive Neuroscience,18,Abstract Patterns Anticipation - Baseline (Deactivations),Action.Preparation,4
FALSE,5040019,1999,Murtha S,Journal of Cognitive Neuroscience,19,Picture Anticipation - Baseline (Activations),Action.Preparation,15
FALSE,5040019,1999,Murtha S,Journal of Cognitive Neuroscience,20,Picture Anticipation - Baseline (Deactivations),Action.Preparation,4
TRUE,5040019,1999,Murtha S,Journal of Cognitive Neuroscience,21,Semantic Judgment Anticipation - Baseline (Activations),Action.Preparation,5
FALSE,5040019,1999,Murtha S,Journal of Cognitive Neuroscience,22,Semantic Judgment Anticipation - Baseline (Deactivations),Action.Preparation,2
TRUE,6050047,2004,Ferrarelli F,Brain Research Bulletin,1,"TMS, Left DLPFC - Rest, Increases",Perception.Somesthesis,4
FALSE,6050047,2004,Ferrarelli F,Brain Research Bulletin,2,"TMS, Right DLPFC - Rest, Increases",Perception.Somesthesis,4
FALSE,6050047,2004,Ferrarelli F,Brain Research Bulletin,3,"TMS, Left M1 - Rest, Increases",Perception.Somesthesis,5
FALSE,6050047,2004,Ferrarelli F,Brain Research Bulletin,4,"TMS, Left M1 - Rest, Decreases",Perception.Somesthesis,1
FALSE,6050047,2004,Ferrarelli F,Brain Research Bulletin,5,"TMS, Right V1/V2 - Rest, Increases",Perception.Somesthesis,1
FALSE,6050051,2002,Halsband U,Behavioural Brain Research,1,"Encoding, High Imagery, Foreign Language vs. Reference","Cognition.Memory.Explicit,Cognition.Language.Speech",7
FALSE,6050051,2002,Halsband U,Behavioural Brain Research,2,"Encoding, High Imagery, Native Language vs. Reference","Cognition.Memory.Explicit,Cognition.Language.Speech",3
FALSE,6050051,2002,Halsband U,Behavioural Brain Research,3,"Encoding, Low Imagery, Foreign Language vs. Reference","Cognition.Memory.Explicit,Cognition.Language.Speech",4
FALSE,6050051,2002,Halsband U,Behavioural Brain Research,4,"Encoding, Low Imagery, Native Language vs. Reference","Cognition.Memory.Explicit,Cognition.Language.Speech",3
FALSE,6050051,2002,Halsband U,Behavioural Brain Research,5,"Retrieval, High Imagery, Foreign Language vs. Reference",Cognition.Memory.Explicit,5
TRUE,6050051,2002,Halsband U,Behavioural Brain Research,6,"Retrieval, High Imagery, Native Language vs. Reference",Cognition.Memory.Explicit,6
FALSE,6050051,2002,Halsband U,Behavioural Brain Research,7,"Retrieval, Low Imagery, Foreign Language vs. Reference",Cognition.Memory.Explicit,4
FALSE,6050051,2002,Halsband U,Behavioural Brain Research,8,"Retrieval, Low Imagery, Native Language vs. Reference",Cognition.Memory.Explicit,3
FALSE,6050051,2002,Halsband U,Behavioural Brain Research,9,"Foreign - Native Language, Retrieval, High Imagery","Cognition.Memory.Explicit,Cognition.Language",1
FALSE,6050051,2002,Halsband U,Behavioural Brain Research,10,"Foreign - Native Language, Retrieval, Low Imagery","Cognition.Memory.Explicit,Cognition.Language",1
FALSE,6050051,2002,Halsband U,Behavioural Brain Research,11,"Native - Foreign Language, Retrieval, High Imagery","Cognition.Memory.Explicit,Cognition.Language",2
FALSE,6050051,2002,Halsband U,Behavioural Brain Research,12,"Native - Foreign Language, Retrieval, Low Imagery","Cognition.Memory.Explicit,Cognition.Language",1
TRUE,6120184,2003,Beauchamp M H,NeuroImage,1,"Tower of London, EXP 1 vs. One-Move Control",Cognition.Reasoning,11
FALSE,6120184,2003,Beauchamp M H,NeuroImage,2,"Tower of London, EXPT 10 vs. One-Move Control",Cognition.Reasoning,1
FALSE,6120184,2003,Beauchamp M H,NeuroImage,3,Positive correlations between rCBF and total time in the four experimental conditions,Cognition.Reasoning,3
FALSE,6120184,2003,Beauchamp M H,NeuroImage,4,Negative correlations between rCBF and total time in the four experimental conditions,Cognition.Reasoning,1
FALSE,6120184,2003,Beauchamp M H,NeuroImage,5,"Positive correlations between rCBF and total time in the four EXPT, using the One-Move Control",Cognition.Reasoning,2
FALSE,6120184,2003,Beauchamp M H,NeuroImage,6,"Negative correlations between rCBF and total time in the four EXPT, using the One-Move Control",Cognition.Reasoning,1
FALSE,7020056,2005,Kemeny S,Human Brain Mapping,1,"Syllable Generation vs. Rest, ASSIST",Action.Execution.Speech,6
FALSE,7020056,2005,Kemeny S,Human Brain Mapping,2,"Sentence Construction vs. Rest, ASSIST","Action.Execution.Speech,Cognition.Language.Speech,Cognition.Language.Semantics",12
FALSE,7020056,2005,Kemeny S,Human Brain Mapping,3,"Sentence Construction vs. Syllable Generation, ASSIST","Cognition.Language.Speech,Cognition.Language.Semantics",6
TRUE,7020056,2005,Kemeny S,Human Brain Mapping,4,"Syllable Generation vs. Rest, BOLD",Action.Execution.Speech,11
FALSE,7020056,2005,Kemeny S,Human Brain Mapping,5,"Sentence Construction vs. Rest, BOLD","Action.Execution.Speech,Cognition.Language.Speech,Cognition.Language.Semantics",11
FALSE,7020056,2005,Kemeny S,Human Brain Mapping,6,"Sentence Construction vs. Syllable Generation, BOLD","Cognition.Language.Speech,Cognition.Language.Semantics",10
TRUE,7050138,2003,Hariri A R,Biological Psychiatry,1,Match Pictures vs. Match Forms,"Emotion.Fear,Perception.Vision.Shape",7
TRUE,7050138,2003,Hariri A R,Biological Psychiatry,2,Label Pictures vs. Match Forms,"Emotion.Fear,Perception.Vision.Shape,Cognition.Language.Semantics",6
FALSE,7050138,2003,Hariri A R,Biological Psychiatry,3,Match Pictures > Label Pictures,"Emotion.Fear,Perception.Vision.Shape",3
FALSE,7050138,2003,Hariri A R,Biological Psychiatry,4,Label Pictures > Match Pictures,"Emotion.Fear,Cognition.Language.Semantics",4
FALSE,7050138,2003,Hariri A R,Biological Psychiatry,5,Positively Correlated (with response to the left amygdala),"Emotion.Fear,Perception.Vision.Shape",4
FALSE,7050138,2003,Hariri A R,Biological Psychiatry,6,Negatively Correlated (with response to the left amygdala),"Emotion.Fear,Perception.Vision.Shape",2
TRUE,7080225,2003,Rolls E T,Cerebral Cortex,1,Activations during Pleasant Stimulation,Perception.Somesthesis,7
FALSE,7080225,2003,Rolls E T,Cerebral Cortex,2,Activations during Painful Stimulation,Perception.Somesthesis.Pain,15
FALSE,7080225,2003,Rolls E T,Cerebral Cortex,3,Activations during Neutral Stimulation,Perception.Somesthesis,5
FALSE,7080226,2003,Rolls E T,European Journal of Neuroscience,1,Pleasant - Neutral,Perception.Olfaction,3
FALSE,7080226,2003,Rolls E T,European Journal of Neuroscience,2,Unpleasant - Neutral,Perception.Olfaction,3
FALSE,7080226,2003,Rolls E T,European Journal of Neuroscience,3,Pleasant vs. Unpleasant,Perception.Olfaction,1
FALSE,7080226,2003,Rolls E T,European Journal of Neuroscience,4,Unpleasant vs. Pleasant,Perception.Olfaction,1
FALSE,7080226,2003,Rolls E T,European Journal of Neuroscience,5,Activations Positively Correlated with Pleasantness Ratings,Perception.Olfaction,2
TRUE,7080226,2003,Rolls E T,European Journal of Neuroscience,6,Activations Positively Correlated with Unpleasantness Ratings,Perception.Olfaction,3
FALSE,7080226,2003,Rolls E T,European Journal of Neuroscience,7,Activations Positively Correlated with Intensity Ratings,Perception.Olfaction,3
FALSE,7090259,1999,Denton D,Proceedings of the National Academy of Sciences,1,"Maximum Thirst, Activations",Interoception.Thirst,14
TRUE,7090259,1999,Denton D,Proceedings of the National Academy of Sciences,2,"Wet Mouth, Activations",Interoception.Thirst,9
TRUE,7090259,1999,Denton D,Proceedings of the National Academy of Sciences,3,"3 Min After Satiation, Activations",Interoception.Thirst,6
FALSE,7090259,1999,Denton D,Proceedings of the National Academy of Sciences,4,"14 Min After Satiation, Activations",Interoception.Thirst,10
FALSE,7090259,1999,Denton D,Proceedings of the National Academy of Sciences,5,"Maximum Thirst, Deactivations",Interoception.Thirst,3
FALSE,7090259,1999,Denton D,Proceedings of the National Academy of Sciences,6,"Wet Mouth, Deactivations",Interoception.Thirst,6
FALSE,7090259,1999,Denton D,Proceedings of the National Academy of Sciences,7,"3 Min After Satiation, Deactivations",Interoception.Thirst,3
FALSE,7090259,1999,Denton D,Proceedings of the National Academy of Sciences,8,"14 Min After Satiation, Deactivations",Interoception.Thirst,2
FALSE,7110315,2006,Carlsson K,NeuroImage,1,Uncorrelated > Correlated,"Perception.Somesthesis.Pain,Cognition.Attention,Emotion.Anxiety",12
FALSE,7110315,2006,Carlsson K,NeuroImage,2,Correlated > Uncorrelated,"Perception.Somesthesis.Pain,Emotion.Anxiety,Cognition.Attention",11
FALSE,7110315,2006,Carlsson K,NeuroImage,3,Uncorrelated High > Correlated High,"Perception.Somesthesis.Pain,Cognition.Attention,Emotion.Anxiety",9
FALSE,7110315,2006,Carlsson K,NeuroImage,4,Correlated High > Uncorrelated High,"Perception.Somesthesis.Pain,Emotion.Anxiety,Cognition.Attention",10
FALSE,7110315,2006,Carlsson K,NeuroImage,5,Uncorrelated Low > Correlated Low,"Emotion.Anxiety,Cognition.Attention",8
FALSE,7110315,2006,Carlsson K,NeuroImage,6,Correlated Low > Uncorrelated Low,"Emotion.Anxiety,Cognition.Attention",14
FALSE,7110315,2006,Carlsson K,NeuroImage,7,High > Low,"Perception.Somesthesis.Pain,Emotion.Anxiety,Cognition.Attention",24
TRUE,7110315,2006,Carlsson K,NeuroImage,8,Low > High,"Emotion.Anxiety,Cognition.Attention",2
FALSE,7120367,2007,Liu X,Journal of Neuroscience,1,Bet > Bank,"Emotion.Other,Cognition.Other",5
FALSE,7120367,2007,Liu X,Journal of Neuroscience,2,Bank > Bet,"Emotion.Other,Cognition.Other",8
FALSE,7120367,2007,Liu X,Journal of Neuroscience,3,Win > Loss,"Emotion.Other,Cognition.Other",8
FALSE,7120367,2007,Liu X,Journal of Neuroscience,4,Loss > Win,"Emotion.Other,Cognition.Other",6
TRUE,7120367,2007,Liu X,Journal of Neuroscience,5,Right > Wrong,"Emotion.Other,Cognition.Other",8
FALSE,7120367,2007,Liu X,Journal of Neuroscience,6,Wrong > Right,"Emotion.Other,Cognition.Other",7
TRUE,8040106,2005,Cox S M L,Journal of Neuroscience,1,Reward vs. Negative Feedback,"Emotion.Other,Cognition.Reasoning",28
TRUE,8080167,2004,Bartels A,NeuroImage,1,Activations With Maternal Love,Emotion.Other,28
FALSE,8080167,2004,Bartels A,NeuroImage,2,Deactivations With Maternal Love,Emotion.Other,27
FALSE,8100250,2001,O'Doherty J,Journal of Neurophysiology,1,Glucose - Tasteless,Perception.Gustation,14
TRUE,8100250,2001,O'Doherty J,Journal of Neurophysiology,2,Salt - Tasteless,Perception.Gustation,10
TRUE,9030057,2005,Lanius R A,Biological Psychiatry,1,"Recall, Traumatic > Rest, Normals","Cognition.Memory.Explicit,Emotion.Other",24
FALSE,9030057,2005,Lanius R A,Biological Psychiatry,2,"Recall, Traumatic > Rest, Dissociative PTSD Patients","Cognition.Memory.Explicit,Emotion.Other",10
FALSE,9030057,2005,Lanius R A,Biological Psychiatry,3,"Recall, Traumatic > Rest, Flashback PTSD Patients","Cognition.Memory.Explicit,Emotion.Other",21
FALSE,9030057,2005,Lanius R A,Biological Psychiatry,4,"Recall, Neutral > Rest, Dissociative PTSD + Normals",Cognition.Memory.Explicit,4
FALSE,9030057,2005,Lanius R A,Biological Psychiatry,5,"Recall, Neutral, Normals > Dissociative PTSD Patients",Cognition.Memory.Explicit,2
FALSE,9030057,2005,Lanius R A,Biological Psychiatry,6,"Recall, Neutral > Rest, Dissociative PTSD Patients > Normals",Cognition.Memory.Explicit,3
FALSE,10050106,2003,Kringelbach M L,Cerebral Cortex,1,Correlation of Pleasantness Ratings with Activation,Perception.Gustation,1
FALSE,10050106,2003,Kringelbach M L,Cerebral Cortex,2,(Chocolate Milk + Tomato Juice) > Neutral Solution,Perception.Gustation,5
TRUE,10050106,2003,Kringelbach M L,Cerebral Cortex,3,"Satiation Effects of Food Type, Conjunction of Chocolate Milk & Tomato Juice",Perception.Gustation,3
FALSE,10050106,2003,Kringelbach M L,Cerebral Cortex,4,Sensory-Specific Satiety-Related Change of Activation for Chocolate Milk,Perception.Gustation,4
TRUE,11030038,2005,Remijnse P L,NeuroImage,1,"Reward Main Effect, Correct Response (CR) > Baseline (BL)","Emotion.Other,Cognition.Attention,Cognition.Other",11
TRUE,11030038,2005,Remijnse P L,NeuroImage,2,"Main Effect of Punishment, PENS + PRE + FRE > Baseline (BL)","Emotion.Other,Cognition.Attention,Cognition.Other",4
TRUE,11030038,2005,Remijnse P L,NeuroImage,3,"Main Effect of Punishment Excluding Reversal Events, PENS + PRE > Baseline (BL)","Cognition.Other,Emotion.Other",4
TRUE,11030038,2005,Remijnse P L,NeuroImage,4,Conjunction Analysis of Reward (CR > BL) and Punishment (PENS + PRE > BL),"Emotion.Other,Cognition.Attention,Cognition.Other",3
FALSE,11030038,2005,Remijnse P L,NeuroImage,5,Interaction Analysis: Reward (CR > BL) > Punishment (PENS + PRE > BL),"Emotion.Other,Cognition.Attention,Cognition.Other",1
FALSE,11030038,2005,Remijnse P L,NeuroImage,6,Interaction Analysis: Punishment (PENS + PRE > BL) > Reward (CR > BL),"Emotion.Other,Cognition.Attention,Cognition.Other",1
FALSE,11030038,2005,Remijnse P L,NeuroImage,7,Main Effect of Affective Switching (FRE > BL),"Emotion.Other,Cognition.Attention",12
FALSE,11030038,2005,Remijnse P L,NeuroImage,8,The Dissociation of Stimulus-Punishment Association and Affective Switching (FRE > PENS + PRE),"Emotion.Other,Cognition.Other,Cognition.Attention",22
FALSE,11030048,2006,Wiech K,Journal of Neuroscience,1,Main Effect of Pain,Perception.Somesthesis.Pain,16
TRUE,11030048,2006,Wiech K,Journal of Neuroscience,2,Externally-Controlled - Self-Controlled,Perception.Somesthesis.Pain,10
FALSE,11030048,2006,Wiech K,Journal of Neuroscience,3,Self-Controlled - Externally-Controlled,Perception.Somesthesis.Pain,22
FALSE,11030048,2006,Wiech K,Journal of Neuroscience,4,"Self-Controlled - Externally-Controlled, Correlated with Belief in Self-Control",Perception.Somesthesis.Pain,11
FALSE,15110167,2014,Loggia M L,Arthritis & Rheumatism,1,Healthy Controls: Pain Anticipation,Perception.Vision.Color,39
FALSE,15110167,2014,Loggia M L,Arthritis & Rheumatism,2,FM Patients: Pain Anticipation,Perception.Vision.Color,39
FALSE,15110167,2014,Loggia M L,Arthritis & Rheumatism,3,Healthy Controls > FM Patients: Pain Anticipation,Perception.Vision.Color,16
FALSE,15110167,2014,Loggia M L,Arthritis & Rheumatism,4,Healthy Controls: Pain,Perception.Somesthesis.Pain,24
FALSE,15110167,2014,Loggia M L,Arthritis & Rheumatism,5,FM Patients: Pain,Perception.Somesthesis.Pain,29
FALSE,15110167,2014,Loggia M L,Arthritis & Rheumatism,6,Healthy Controls: Pain,Perception.Somesthesis.Pain,9
FALSE,15110167,2014,Loggia M L,Arthritis & Rheumatism,7,FM Patients: Pain,Perception.Somesthesis.Pain,4
TRUE,15110167,2014,Loggia M L,Arthritis & Rheumatism,8,Healthy Controls: Relief Anticipation,Perception.Vision.Color,30
FALSE,15110167,2014,Loggia M L,Arthritis & Rheumatism,9,FM Patients: Relief Anticipation,Perception.Vision.Color,16
FALSE,15110167,2014,Loggia M L,Arthritis & Rheumatism,10,Healthy Controls > FM Patients: Relief Anticipation,Perception.Vision.Color,9
FALSE,30042,2002,Lee T M C,Human Brain Mapping,1,Digit Memory Task - Answer Correctly vs. Feign Memory Impairment,"Cognition.Memory.Working,Cognition.Social Cognition,Emotion.Other",26
TRUE,30042,2002,Lee T M C,Human Brain Mapping,2,Autobiographic Memory Task-Answer Correctly vs. Feign Memory Impairment,"Cognition.Memory.Explicit,Cognition.Social Cognition,Emotion.Other",22
FALSE,30126,1994,Decety J,Nature,1,Movement Observation - Visual Inspection,Action.Observation,32
FALSE,30126,1994,Decety J,Nature,2,Movement Observation - Motor Imagery,Action.Observation,32
FALSE,30126,1994,Decety J,Nature,3,Motor Imagery - Visual Inspection,Action.Imagination,34
TRUE,30126,1994,Decety J,Nature,4,Motor Imagery - Movement Observation,Action.Imagination,52
FALSE,30147,2000,Kohler S,Acta Psychologica,1,Picture Processing > Word Processing,Perception.Vision.Shape,11
FALSE,30147,2000,Kohler S,Acta Psychologica,2,Word Processing > Picture Processing,Cognition.Language.Semantics,4
FALSE,30147,2000,Kohler S,Acta Psychologica,3,Picture Encoding > Word Encoding,Perception.Vision.Shape,8
FALSE,30147,2000,Kohler S,Acta Psychologica,4,Word Encoding > Picture Encoding,Cognition.Language.Semantics,6
FALSE,30147,2000,Kohler S,Acta Psychologica,5,Recognition of Objects: Picture Encoding > Word Encoding,"Perception.Vision.Shape,Cognition.Memory.Explicit",1
FALSE,30147,2000,Kohler S,Acta Psychologica,6,Recognition of Objects: Word Encoding > Picture Encoding,"Cognition.Language.Semantics,Cognition.Memory.Explicit",6
TRUE,30147,2000,Kohler S,Acta Psychologica,7,Recognition > Encoding,Cognition.Memory.Explicit,11
FALSE,30147,2000,Kohler S,Acta Psychologica,8,Encoding > Recognition,Cognition.Memory.Explicit,15
TRUE,30167,2001,Roskies A L,Journal of Cognitive Neuroscience,1,Synonym - Rhyme,Cognition.Language.Semantics,22
FALSE,30167,2001,Roskies A L,Journal of Cognitive Neuroscience,2,Synonym AND Easy Categorization,Cognition.Language.Semantics,1
FALSE,30167,2001,Roskies A L,Journal of Cognitive Neuroscience,3,Synonym AND Hard Categorization,Cognition.Language.Semantics,4
FALSE,30167,2001,Roskies A L,Journal of Cognitive Neuroscience,4,Rhyme AND Easy Categorization,"Cognition.Language.Phonology,Cognition.Language.Semantics",3
FALSE,30167,2001,Roskies A L,Journal of Cognitive Neuroscience,5,Rhyme AND Hard Categorization,"Cognition.Language.Phonology,Cognition.Language.Semantics",5
FALSE,30168,1999,Rypma B,NeuroImage,1,3-1 Contrast,Cognition.Memory.Working,16
TRUE,30168,1999,Rypma B,NeuroImage,2,6-1 Contrast,Cognition.Memory.Working,41
FALSE,30266,2001,Shaywitz B A,NeuroImage,1,"Select - Simple, Activations",Cognition.Attention,18
FALSE,30266,2001,Shaywitz B A,NeuroImage,2,"Select - Simple, Deactivations",Cognition.Attention,14
FALSE,30266,2001,Shaywitz B A,NeuroImage,3,"Divide - Select, Activations",Cognition.Attention,8
FALSE,30266,2001,Shaywitz B A,NeuroImage,4,"Divide - Select, Deactivations",Cognition.Attention,8
TRUE,30266,2001,Shaywitz B A,NeuroImage,5,"Complex Divide - Select, Activations",Cognition.Attention,19
FALSE,30266,2001,Shaywitz B A,NeuroImage,6,"Complex Divide - Select, Deactivations",Cognition.Attention,13
TRUE,30266,2001,Shaywitz B A,NeuroImage,7,"Complex Divide - Divide, Activations",Cognition.Attention,12
FALSE,30266,2001,Shaywitz B A,NeuroImage,8,"Complex Divide - Divide, Deactivations",Cognition.Attention,10
FALSE,30267,2000,Stevens A A,Magnetic Resonance Imaging,1,Auditory Target Stimulus Maximum Pixel Signal,"Cognition.Attention,Perception.Audition",23
FALSE,30267,2000,Stevens A A,Magnetic Resonance Imaging,2,Visual Target Stimulus Maximum Pixel Signal,"Cognition.Attention,Cognition.Language.Orthography",20
TRUE,30267,2000,Stevens A A,Magnetic Resonance Imaging,3,Visual > Auditory,"Cognition.Language.Orthography,Cognition.Attention",26
FALSE,30267,2000,Stevens A A,Magnetic Resonance Imaging,4,Auditory > Visual,"Perception.Audition,Cognition.Attention",15
FALSE,30288,1999,Paradiso S,American Journal of Psychiatry,1,Unpleasant > Pleasant,Emotion.Other,8
TRUE,30288,1999,Paradiso S,American Journal of Psychiatry,2,Pleasant > Unpleasant,Emotion.Other,5
FALSE,30288,1999,Paradiso S,American Journal of Psychiatry,3,Pleasant > Neutral,Emotion.Other,3
FALSE,30288,1999,Paradiso S,American Journal of Psychiatry,4,Neutral > Pleasant,Emotion.Other,8
FALSE,30288,1999,Paradiso S,American Journal of Psychiatry,5,Unpleasant > Neutral,Emotion.Other,6
FALSE,30288,1999,Paradiso S,American Journal of Psychiatry,6,Neutral > Unpleasant,Emotion.Other,12
FALSE,30310,2003,Fan J,NeuroImage,1,Flanker Incongruent - Congruent,Cognition.Attention,14
TRUE,30310,2003,Fan J,NeuroImage,2,Stroop Incongruent - Congruent,Cognition.Attention,14
FALSE,30310,2003,Fan J,NeuroImage,3,Spatial Incongruent - Congruent,Cognition.Attention,11
TRUE,30310,2003,Fan J,NeuroImage,4,Conjunction Analysis Incongruent - Congruent,Cognition.Attention,14
FALSE,30375,1998,Carlson S,Cerebral Cortex,1,Two-Back vs. Zero-Back,Cognition.Memory.Working,28
TRUE,30375,1998,Carlson S,Cerebral Cortex,2,One-Back vs. Zero-Back,Cognition.Memory.Working,17
FALSE,30375,1998,Carlson S,Cerebral Cortex,3,Two-Back vs. One-Back,Cognition.Memory.Working,26
TRUE,30382,1995,Friston K J,NeuroImage,1,Activations,Cognition.Language.Speech,10
FALSE,30382,1995,Friston K J,NeuroImage,2,Deactivations,Cognition.Language.Speech,6
TRUE,30445,2002,Kim J J,NeuroImage,1,Simple Pictures - Control,Cognition.Memory.Working,7
FALSE,30445,2002,Kim J J,NeuroImage,2,English Words - Control,Cognition.Memory.Working,9
FALSE,30445,2002,Kim J J,NeuroImage,3,Korean Words - Control,Cognition.Memory.Working,6
FALSE,30445,2002,Kim J J,NeuroImage,4,"Conjunction, English Words and Simple Pictures",Cognition.Memory.Working,5
FALSE,30445,2002,Kim J J,NeuroImage,5,"Conjunction, Korean Words and Simple Pictures",Cognition.Memory.Working,2
FALSE,30445,2002,Kim J J,NeuroImage,6,"Conjunction, English Words and Korean Words",Cognition.Memory.Working,1
FALSE,30445,2002,Kim J J,NeuroImage,7,Korean Words vs. Simple Pictures,Cognition.Memory.Working,2
FALSE,30445,2002,Kim J J,NeuroImage,8,English Words vs. Simple Pictures,Cognition.Memory.Working,4
FALSE,30445,2002,Kim J J,NeuroImage,9,English Words vs. Korean Words,Cognition.Language,3
FALSE,30445,2002,Kim J J,NeuroImage,10,Korean Words vs. English Words,Cognition.Language,7
FALSE,30458,2002,Suzuki M,NeuroImage,1,Between Lists - Item Recognition,Cognition.Memory.Explicit,12
TRUE,30458,2002,Suzuki M,NeuroImage,2,Within List - Item Recognition,Cognition.Memory.Explicit,19
FALSE,30458,2002,Suzuki M,NeuroImage,3,Between Lists - Within List,Cognition.Memory.Explicit,3
FALSE,30458,2002,Suzuki M,NeuroImage,4,Within List - Between List,Cognition.Memory.Explicit,7
TRUE,4020009,2003,Kim J J,American Journal of Psychiatry,1,"2-Back - Control, Normals",Cognition.Memory.Working,8
FALSE,4020009,2003,Kim J J,American Journal of Psychiatry,2,"2-Back - Control, Patients",Cognition.Memory.Working,7
FALSE,5070099,2004,Poeppel D,Neuropsychologia,1,Lexical Decision vs. Rest,Cognition.Language.Semantics,37
FALSE,5070099,2004,Poeppel D,Neuropsychologia,2,Categorical Perception vs. Rest,Cognition.Language.Phonology,26
FALSE,5070099,2004,Poeppel D,Neuropsychologia,3,FM Sweeps vs. Rest,Perception.Audition,34
FALSE,5070099,2004,Poeppel D,Neuropsychologia,4,Lexical Decision vs. Categorical Perception,Cognition.Language.Semantics,26
FALSE,5070099,2004,Poeppel D,Neuropsychologia,5,Lexical Decision vs. FM Sweeps,Cognition.Language.Semantics,23
FALSE,5070099,2004,Poeppel D,Neuropsychologia,6,FM Sweeps vs. Lexical Decision,Perception.Audition,16
FALSE,5070099,2004,Poeppel D,Neuropsychologia,7,FM Sweeps vs. Categorical Perception,Perception.Audition,12
FALSE,5070099,2004,Poeppel D,Neuropsychologia,8,Categorical Perception vs. FM Sweeps,Cognition.Language.Phonology,14
TRUE,5070099,2004,Poeppel D,Neuropsychologia,9,Categorical Perception vs. Lexical Decision,Cognition.Language.Phonology,12
TRUE,5070124,1995,Berman K F,Neuropsychologia,1,WCST > Control,"Cognition.Reasoning,Cognition.Attention",35
FALSE,5090227,2003,Dreher J C,Cerebral Cortex,1,Task Switching vs. Baseline,Cognition.Attention,14
FALSE,5090227,2003,Dreher J C,Cerebral Cortex,2,Dual Task vs. Baseline,Cognition.Attention,25
TRUE,5090227,2003,Dreher J C,Cerebral Cortex,3,Task Switching vs. Dual Task,Cognition.Attention,9
FALSE,5090227,2003,Dreher J C,Cerebral Cortex,4,Dual Task vs. Task Switching,Cognition.Attention,9
FALSE,5120253,2004,Ischebeck A,Journal of Cognitive Neuroscience,1,"Unfamiliar > Familiar, Silent Reading",Cognition.Language,5
FALSE,5120253,2004,Ischebeck A,Journal of Cognitive Neuroscience,2,"Pseudoword > Familiar, Silent Reading",Cognition.Language,5
TRUE,5120253,2004,Ischebeck A,Journal of Cognitive Neuroscience,3,"Familiar > Pseudoword, Silent Reading",Cognition.Language,5
FALSE,5120253,2004,Ischebeck A,Journal of Cognitive Neuroscience,4,"Unfamiliar > Familiar, Lexical Decision","Cognition.Language.Syntax,Cognition.Language.Semantics",4
FALSE,5120253,2004,Ischebeck A,Journal of Cognitive Neuroscience,5,"Pseudoword > Familiar, Lexical Decision","Cognition.Language.Semantics,Cognition.Language.Syntax",4
FALSE,5120253,2004,Ischebeck A,Journal of Cognitive Neuroscience,6,"Familiar > Pseudoword, Lexical Decision","Cognition.Language.Semantics,Cognition.Language.Syntax",5
TRUE,5120253,2004,Ischebeck A,Journal of Cognitive Neuroscience,7,"Unfamiliar > Pseudoword, Silent Reading",Cognition.Language,9
FALSE,5120253,2004,Ischebeck A,Journal of Cognitive Neuroscience,8,"Unfamiliar > Pseudoword, Lexical Decision","Cognition.Language.Semantics,Cognition.Language.Syntax",6
TRUE,6060085,2002,Henson R N A,NeuroImage,1,Main Effect of Interference at Study,Cognition.Memory.Explicit,10
TRUE,6060085,2002,Henson R N A,NeuroImage,2,"N3 > C, Study",Cognition.Memory.Explicit,3
FALSE,6060085,2002,Henson R N A,NeuroImage,3,"C > P3, Study",Cognition.Memory.Explicit,4
FALSE,6060085,2002,Henson R N A,NeuroImage,4,"P3 > C, Study",Cognition.Memory.Explicit,3
FALSE,6060085,2002,Henson R N A,NeuroImage,5,"Main Effect of Interference at Test, Correct Trials Only",Cognition.Memory.Explicit,12
FALSE,6060085,2002,Henson R N A,NeuroImage,6,"N > C, Test, Correct Trials Only",Cognition.Memory.Explicit,8
FALSE,6060085,2002,Henson R N A,NeuroImage,7,"C > P, Test, Correct Trials Only",Cognition.Memory.Explicit,2
FALSE,6060085,2002,Henson R N A,NeuroImage,8,"Main Effect of Interference at Test, All Trials",Cognition.Memory.Explicit,14
FALSE,6060085,2002,Henson R N A,NeuroImage,9,"N > C, Test, All Trials",Cognition.Memory.Explicit,3
FALSE,6060085,2002,Henson R N A,NeuroImage,10,"C > P, Test, All Trials",Cognition.Memory.Explicit,3
FALSE,6060085,2002,Henson R N A,NeuroImage,11,"Cue-Related Memory Effect, Memory > Repeat",Cognition.Memory.Explicit,19
FALSE,6060085,2002,Henson R N A,NeuroImage,12,"Cue-Related Memory Effect, Repeat > Memory",Cognition.Memory.Explicit,2
FALSE,6060085,2002,Henson R N A,NeuroImage,13,"Memory Effect During Delay Interval, Memory > Repeat",Cognition.Memory.Explicit,5
FALSE,6060085,2002,Henson R N A,NeuroImage,14,"Memory Effect During Delay Interval, Repeat > Memory",Cognition.Memory.Explicit,7
TRUE,6080141,2001,Rypma B,Psychology and Aging,1,"Sternberg, Load 6 vs. Load 1, Young Subjects",Cognition.Memory.Working,41
FALSE,6080141,2001,Rypma B,Psychology and Aging,2,"Sternberg, Load 6 vs. Load 1, Old Subjects",Cognition.Memory.Working,46
FALSE,6080141,2001,Rypma B,Psychology and Aging,3,Young - Old Subjects,Cognition.Memory.Working,23
FALSE,6080141,2001,Rypma B,Psychology and Aging,4,Old - Young Subjects,Cognition.Memory.Working,3
FALSE,7070165,2007,Addis D R,Neuropsychologia,1,Event Construction > Semantic Retrieval,"Action.Imagination,Cognition.Memory.Explicit",5
FALSE,7070165,2007,Addis D R,Neuropsychologia,2,Event Elaboration > Visual Imagery,"Action.Imagination,Cognition.Memory.Explicit",23
FALSE,7070165,2007,Addis D R,Neuropsychologia,3,Future Event Construction > Past Event Construction,"Action.Imagination,Cognition.Memory.Explicit",18
FALSE,7070165,2007,Addis D R,Neuropsychologia,4,Future Event Elaboration > Past Event Elaboration,"Action.Imagination,Cognition.Memory.Explicit",1
FALSE,7070165,2007,Addis D R,Neuropsychologia,5,Construction > Elaboration,"Action.Imagination,Cognition.Memory.Explicit",11
TRUE,7070165,2007,Addis D R,Neuropsychologia,6,Elaboration > Construction,"Action.Imagination,Cognition.Memory.Explicit",8
FALSE,7100292,2004,Kircher T T J,NeuroImage,1,Speech Pauses > Fluent Speech,Cognition.Language.Speech,2
FALSE,7100292,2004,Kircher T T J,NeuroImage,2,Fluent Speech > Speech Pauses,"Cognition.Language.Speech,Action.Execution.Speech",31
FALSE,7100292,2004,Kircher T T J,NeuroImage,3,Pauses at Grammatical Junctions > Fluent Speech,Cognition.Language.Speech,1
TRUE,7100292,2004,Kircher T T J,NeuroImage,4,Pauses within Clauses > Fluent Speech,Cognition.Language.Speech,11
FALSE,7110319,2006,Diedrichsen J,Cerebral Cortex,1,Congruency Effect for Spatial Cues,Action.Execution,6
FALSE,7110319,2006,Diedrichsen J,Cerebral Cortex,2,Congruency Effect for Symbolic Cues,Action.Execution,8
TRUE,7110319,2006,Diedrichsen J,Cerebral Cortex,3,Symbolic > Spatial,Action.Execution,11
FALSE,7110324,2005,Johnson-Frey S H,Cerebral Cortex,1,"Tool, No Go, Right > Move, No Go, Right","Action.Inhibition,Cognition.Attention",26
FALSE,7110324,2005,Johnson-Frey S H,Cerebral Cortex,2,"Tool, Go, Right > Tool, No Go, Right","Action.Execution,Cognition.Attention",7
FALSE,7110324,2005,Johnson-Frey S H,Cerebral Cortex,3,"Tool, No Go, Left > Move, No Go, Left","Action.Inhibition,Cognition.Attention",13
TRUE,7110324,2005,Johnson-Frey S H,Cerebral Cortex,4,"Tool, Go, Left > Tool, No Go, Left","Action.Execution,Cognition.Attention",13
FALSE,7110324,2005,Johnson-Frey S H,Cerebral Cortex,5,"(Tool, No Go, Right > Move, No Go, Right) + (Tool, No Go, Left > Move, No Go, Left)","Action.Inhibition,Cognition.Attention",15
TRUE,8060157,2003,Ranganath C,Neuropsychologia,1,Regions Exhibiting a Subsequent Familiarity Effect,Cognition.Memory.Explicit,31
FALSE,8060157,2003,Ranganath C,Neuropsychologia,2,Regions Exhibiting a Subsequent Recollection Effect,Cognition.Memory.Explicit,21
FALSE,9020041,2007,Jabbi M,NeuroImage,1,"Correlation, Personal Distress + Disgusted Faces","Emotion.Other,Cognition.Other",19
FALSE,9020041,2007,Jabbi M,NeuroImage,2,"Correlation, Fantasy + Disgusted Faces","Emotion.Other,Cognition.Other",19
FALSE,9020041,2007,Jabbi M,NeuroImage,3,"Correlation, Empathic Concern + Disgusted Faces","Emotion.Other,Cognition.Other",4
TRUE,9020041,2007,Jabbi M,NeuroImage,4,"Correlation, Perspective Taking + Disgusted Faces","Emotion.Other,Cognition.Other",16
FALSE,9020041,2007,Jabbi M,NeuroImage,5,"Correlation, Personal Distress + Pleasant Faces","Emotion.Other,Cognition.Other",9
FALSE,9020041,2007,Jabbi M,NeuroImage,6,"Correlation, Fantasy + Pleasant Faces","Emotion.Other,Cognition.Other",23
FALSE,9020041,2007,Jabbi M,NeuroImage,7,"Correlation, Perspective Taking + Pleasant Faces","Emotion.Other,Cognition.Other",18
FALSE,9020041,2007,Jabbi M,NeuroImage,8,"Correlation, Personal Distress + Neutral Faces","Emotion.Other,Cognition.Other",12
FALSE,9020041,2007,Jabbi M,NeuroImage,9,"Correlation, Fantasy + Neutral Faces","Emotion.Other,Cognition.Other",16
FALSE,9020041,2007,Jabbi M,NeuroImage,10,"Correlation, Empathic Concern + Neutral Faces","Emotion.Other,Cognition.Other",2
FALSE,9020041,2007,Jabbi M,NeuroImage,11,"Correlation, Perspective Taking + Neutral Faces","Emotion.Other,Cognition.Other",15
FALSE,9020041,2007,Jabbi M,NeuroImage,12,Unpleasant Taste - Neutral Taste + Disgusted Faces - Neutral Faces,"Perception.Gustation,Emotion.Disgust",5
FALSE,9020041,2007,Jabbi M,NeuroImage,13,Pleasant Taste - Neutral Taste + Pleasant Faces - Neutral Faces,"Emotion.Other,Perception.Gustation",2
TRUE,9030057,2005,Lanius R A,Biological Psychiatry,1,"Recall, Traumatic > Rest, Normals","Cognition.Memory.Explicit,Emotion.Other",24
FALSE,9030057,2005,Lanius R A,Biological Psychiatry,2,"Recall, Traumatic > Rest, Dissociative PTSD Patients","Cognition.Memory.Explicit,Emotion.Other",10
FALSE,9030057,2005,Lanius R A,Biological Psychiatry,3,"Recall, Traumatic > Rest, Flashback PTSD Patients","Cognition.Memory.Explicit,Emotion.Other",21
FALSE,9030057,2005,Lanius R A,Biological Psychiatry,4,"Recall, Neutral > Rest, Dissociative PTSD + Normals",Cognition.Memory.Explicit,4
FALSE,9030057,2005,Lanius R A,Biological Psychiatry,5,"Recall, Neutral, Normals > Dissociative PTSD Patients",Cognition.Memory.Explicit,2
FALSE,9030057,2005,Lanius R A,Biological Psychiatry,6,"Recall, Neutral > Rest, Dissociative PTSD Patients > Normals",Cognition.Memory.Explicit,3
FALSE,9090085,2008,Drapier D,Biological Psychiatry,1,"1-Back > 0-Back, Healthy Controls",Cognition.Memory.Working,4
FALSE,9090085,2008,Drapier D,Biological Psychiatry,2,"2-Back > 0-Back, Healthy Controls",Cognition.Memory.Working,6
FALSE,9090085,2008,Drapier D,Biological Psychiatry,3,"3-back > 0-Back, Healthy Controls",Cognition.Memory.Working,7
FALSE,9090085,2008,Drapier D,Biological Psychiatry,4,"1-Back > 0-Back, Healthy Relatives",Cognition.Memory.Working,2
FALSE,9090085,2008,Drapier D,Biological Psychiatry,5,"2-Back > 0-Back, Healthy Relatives",Cognition.Memory.Working,7
TRUE,9090085,2008,Drapier D,Biological Psychiatry,6,"3-Back > 0-Back, Healthy Relatives",Cognition.Memory.Working,5
FALSE,9090085,2008,Drapier D,Biological Psychiatry,7,"1-Back > 0-Back, Bipolar Patients",Cognition.Memory.Working,5
FALSE,9090085,2008,Drapier D,Biological Psychiatry,8,"2-Back > 0-Back, Bipolar Patients",Cognition.Memory.Working,6
FALSE,9090085,2008,Drapier D,Biological Psychiatry,9,"3-Back > 0-Back, Bipolar Patients",Cognition.Memory.Working,4
FALSE,9090085,2008,Drapier D,Biological Psychiatry,10,"Healthy Relatives > Healthy Normals, 1-Back + 2-Back",Cognition.Memory.Working,1
FALSE,9090085,2008,Drapier D,Biological Psychiatry,11,"Bipolar Patients > Health Controls, 1-Back",Cognition.Memory.Working,3
FALSE,9090085,2008,Drapier D,Biological Psychiatry,12,"Bipolar Patients > Health Controls, 2-Back",Cognition.Memory.Working,3
FALSE,9090085,2008,Drapier D,Biological Psychiatry,13,"Bipolar Patients > Health Controls, 3-Back",Cognition.Memory.Working,2
FALSE,9090133,2005,Malisza K L,Pediatric Research,1,"Blank 1-back > 0-back, FASD Children (Table 1)",Cognition.Memory.Working,9
FALSE,9090133,2005,Malisza K L,Pediatric Research,2,"Blank 1-back > 0-back, Healthy Children (Table 1)",Cognition.Memory.Working,3
FALSE,9090133,2005,Malisza K L,Pediatric Research,3,"1-back > 0-back, FASD Children (Table 1)",Cognition.Memory.Working,9
FALSE,9090133,2005,Malisza K L,Pediatric Research,4,"1-back > 0-back, Healthy Children (Table 1)",Cognition.Memory.Working,3
FALSE,9090133,2005,Malisza K L,Pediatric Research,5,"Blank 1-back > 0-back, FASD Adults (Table 2)",Cognition.Memory.Working,11
FALSE,9090133,2005,Malisza K L,Pediatric Research,6,"Blank 1-back > 0-back, Healthy Adults (Table 2)",Cognition.Memory.Working,4
FALSE,9090133,2005,Malisza K L,Pediatric Research,7,"1-back > 0-back, FASD Adults (Table 2)",Cognition.Memory.Working,9
FALSE,9090133,2005,Malisza K L,Pediatric Research,8,"1-back > 0-back, Healthy Adults (Table 2)",Cognition.Memory.Working,9
FALSE,9090133,2005,Malisza K L,Pediatric Research,9,"Blank 1-back > 0-back, FASD Children (Table 3)",Cognition.Memory.Working,2
FALSE,9090133,2005,Malisza K L,Pediatric Research,10,"Blank 1-back > 0-back, Healthy Children (Table 3)",Cognition.Memory.Working,6
FALSE,9090133,2005,Malisza K L,Pediatric Research,11,"1-back > 0-back, FASD Children (Table 3)",Cognition.Memory.Working,7
FALSE,9090133,2005,Malisza K L,Pediatric Research,12,"1-back > 0-back, Healthy Children (Table 3)",Cognition.Memory.Working,13
FALSE,9090133,2005,Malisza K L,Pediatric Research,13,"Blank 1-back > 0-back, FASD Adults (Table 4)",Cognition.Memory.Working,7
TRUE,9090133,2005,Malisza K L,Pediatric Research,14,"Blank 1-back > 0-back, Healthy Adults (Table 4)",Cognition.Memory.Working,4
FALSE,9090133,2005,Malisza K L,Pediatric Research,15,"1-back > 0-back, FASD Adults (Table 4)",Cognition.Memory.Working,9
FALSE,9090133,2005,Malisza K L,Pediatric Research,16,"1-back > 0-back, Healthy Adults (Table 4)",Cognition.Memory.Working,13
TRUE,9100173,2009,Kaladjian A,Psychiatry Research,1,"NoGo > Go, Correct Responses, Healthy Controls","Action.Inhibition,Cognition.Attention",16
FALSE,9100173,2009,Kaladjian A,Psychiatry Research,2,"NoGo > Go, Correct Responses, Bipolar Disorder Patients","Action.Inhibition,Cognition.Attention",6
FALSE,9100173,2009,Kaladjian A,Psychiatry Research,3,"NoGo > Go, Correct Responses, Healthy Controls > Bipolar Disorder Patients","Action.Inhibition,Cognition.Attention",3
TRUE,10030047,2009,Mazzola-Pomietto P,Journal of Psychiatric Research,1,"Go Trials vs. No-Go Trials, Healthy Controls","Action.Inhibition,Cognition.Attention",7
FALSE,10030047,2009,Mazzola-Pomietto P,Journal of Psychiatric Research,2,"Go Trials vs. No-Go Trials, Manic Subjects","Action.Inhibition,Cognition.Attention",3
FALSE,10030047,2009,Mazzola-Pomietto P,Journal of Psychiatric Research,3,Healthy Controls > Manic Patients,"Action.Inhibition,Cognition.Attention",2
FALSE,10080151,2001,Damasio H,NeuroImage,1,"Action Tool Word Retrieval - Picture Control, Activations","Cognition.Language.Semantics,Cognition.Language.Speech",7
FALSE,10080151,2001,Damasio H,NeuroImage,2,"Action Tool Word Retrieval - Picture Control, Deactivations","Cognition.Language.Semantics,Cognition.Language.Speech",2
FALSE,10080151,2001,Damasio H,NeuroImage,3,"Action Word Retrieval - Picture Control, Activations","Cognition.Language.Semantics,Cognition.Language.Speech",9
FALSE,10080151,2001,Damasio H,NeuroImage,4,"Action Word Retrieval - Picture Control, Deactivations","Cognition.Language.Semantics,Cognition.Language.Speech",2
FALSE,10080151,2001,Damasio H,NeuroImage,5,"Action Tool Word Retrieval - Concrete Entities, Activations","Cognition.Language.Semantics,Cognition.Language.Speech",2
FALSE,10080151,2001,Damasio H,NeuroImage,6,"Action Tool Word Retrieval - Picture Control, Activations, Post Hoc Analysis","Cognition.Language.Semantics,Cognition.Language.Speech",3
FALSE,10080151,2001,Damasio H,NeuroImage,7,"Action Tool Word Retrieval - Picture Control, Deactivations, Post Hoc Analysis","Cognition.Language.Semantics,Cognition.Language.Speech",9
FALSE,10080151,2001,Damasio H,NeuroImage,8,"Action Word Retrieval - Picture Control, Activations, Post Hoc Analysis","Cognition.Language.Semantics,Cognition.Language.Speech",3
FALSE,10080151,2001,Damasio H,NeuroImage,9,"Action Word Retrieval - Picture Control, Deactivations, Post Hoc Analysis","Cognition.Language.Semantics,Cognition.Language.Speech",9
FALSE,10080151,2001,Damasio H,NeuroImage,10,"Action Tool Word Retrieval - Concrete Entities, Activations, Post Hoc Analysis","Cognition.Language.Semantics,Cognition.Language.Speech",1
FALSE,10080151,2001,Damasio H,NeuroImage,11,"Concrete Entities - Picture Control, Spatial Relations, Activations","Cognition.Language.Semantics,Cognition.Language.Speech",5
FALSE,10080151,2001,Damasio H,NeuroImage,12,"Concrete Entities - Picture Control, Spatial Relations, Deactivations","Cognition.Language.Semantics,Cognition.Language.Speech",1
FALSE,10080151,2001,Damasio H,NeuroImage,13,"Abstract Drawings - Picture Control, Spatial Relations, Activations","Cognition.Language.Semantics,Cognition.Language.Speech",4
FALSE,10080151,2001,Damasio H,NeuroImage,14,"Abstract Drawings - Picture Control, Spatial Relations, Deactivations","Cognition.Language.Semantics,Cognition.Language.Speech",1
FALSE,10080151,2001,Damasio H,NeuroImage,15,"Concrete Drawings - Picture Control, Spatial Relations, Activations","Cognition.Language.Semantics,Cognition.Language.Speech",1
FALSE,10080151,2001,Damasio H,NeuroImage,16,"Concrete Entities - Picture Control, Spatial Relations, Activations, Post Hoc Analysis","Cognition.Language.Semantics,Cognition.Language.Speech",9
FALSE,10080151,2001,Damasio H,NeuroImage,17,"Concrete Entities - Picture Control, Spatial Relations, Deactivations, Post Hoc Analysis","Cognition.Language.Semantics,Cognition.Language.Speech",9
TRUE,10080151,2001,Damasio H,NeuroImage,18,"Abstract Drawings - Picture Control, Spatial Relations, Activations, Post Hoc Analysis","Cognition.Language.Semantics,Cognition.Language.Speech",5
FALSE,10080151,2001,Damasio H,NeuroImage,19,"Abstract Drawings - Picture Control, Spatial Relations, Deactivations, Post Hoc Analysis","Cognition.Language.Semantics,Cognition.Language.Speech",7
FALSE,10080169,2008,Hooker C I,Neuropsychologia,1,Fear Learning > Neutral Learning,"Cognition.Other,Emotion.Fear",10
FALSE,10080169,2008,Hooker C I,Neuropsychologia,2,Negative Object Recognition > Neutral Object Recognition,"Emotion.Other,Cognition.Memory.Explicit",9
FALSE,10080169,2008,Hooker C I,Neuropsychologia,3,"Fear Learning > Neutral Learning, Positive Correlations with Neuroticism","Cognition.Other,Emotion.Fear",6
FALSE,10080169,2008,Hooker C I,Neuropsychologia,4,"Negative Object Recognition > Neutral Object Recognition, Positive Correlations with Neuroticism","Emotion.Other,Cognition.Memory.Explicit",8
FALSE,10080169,2008,Hooker C I,Neuropsychologia,5,"Fear Learning > Neutral Learning, Positive Correlation with Extraversion","Cognition.Other,Emotion.Fear",2
FALSE,10080169,2008,Hooker C I,Neuropsychologia,6,"Negative Object Recognition > Neutral Object Recognition, Positive Correlation with Extraversion","Emotion.Other,Cognition.Memory.Explicit",10
FALSE,10080169,2008,Hooker C I,Neuropsychologia,7,"Fear Learning > Neutral Learning, Positive Correlation with Agreeableness","Cognition.Other,Emotion.Fear",13
TRUE,10080169,2008,Hooker C I,Neuropsychologia,8,"Negative Object Recognition > Neutral Object Recognition, Positive Correlation with Agreeableness","Emotion.Other,Cognition.Memory.Explicit",14
FALSE,10080169,2008,Hooker C I,Neuropsychologia,9,"Fear Learning > Neutral Learning, Positive Correlation with Conscientiousness","Cognition.Other,Emotion.Fear",2
FALSE,10080169,2008,Hooker C I,Neuropsychologia,10,"Fear Learning > Neutral Learning, Positive Correlation with Openness","Cognition.Other,Emotion.Fear",2
FALSE,10080169,2008,Hooker C I,Neuropsychologia,11,Happy Learning > Neutral Learning,"Cognition.Other,Emotion.Happiness",18
FALSE,10080169,2008,Hooker C I,Neuropsychologia,12,Positive Object Recognition > Neutral Object Recognition,"Emotion.Other,Cognition.Memory.Explicit",11
FALSE,10080169,2008,Hooker C I,Neuropsychologia,13,"Happy Learning > Neutral Learning, Positive Correlation with Extraversion","Cognition.Other,Emotion.Happiness",1
FALSE,10080169,2008,Hooker C I,Neuropsychologia,14,"Positive Object Recognition > Neutral Object Recognition, Positive Correlation wtih Extraversion","Emotion.Other,Cognition.Memory.Explicit",4
FALSE,10080169,2008,Hooker C I,Neuropsychologia,15,"Happy Learning > Neutral Learning, Negative Correlation with Extraversion","Cognition.Other,Emotion.Happiness",11
FALSE,10080169,2008,Hooker C I,Neuropsychologia,16,"Positive Object Recognition > Neutral Object Recognition, Negative Correlation wtih Extraversion","Emotion.Other,Cognition.Memory.Explicit",19
FALSE,10080169,2008,Hooker C I,Neuropsychologia,17,"Happy Learning > Neutral Learning, Positive Correlation with Neuroticism","Cognition.Other,Emotion.Happiness",6
FALSE,10080169,2008,Hooker C I,Neuropsychologia,18,"Positive Object Recognition > Neutral Object Recognition, Positive Correlation with Neuroticism","Emotion.Other,Cognition.Memory.Explicit",2
FALSE,10080169,2008,Hooker C I,Neuropsychologia,19,"Happy Learning > Neutral Learning, Positive Correlation with Conscientiousness","Cognition.Other,Emotion.Happiness",1
FALSE,10080169,2008,Hooker C I,Neuropsychologia,20,"Positive Object Recognition > Neutral Object Recognition, Positive Correlation with Conscientiousnes","Emotion.Other,Cognition.Memory.Explicit",2
FALSE,10080169,2008,Hooker C I,Neuropsychologia,21,"Positive Object Recognition > Neutral Object Recognition, Positive Correlation with Openness","Emotion.Other,Cognition.Memory.Explicit",7
TRUE,10100224,2001,Paulus M P,NeuroImage,1,Two-Choice Prediction Task vs Two-Choice Response Task (Activations),"Cognition.Other,Emotion.Other,Cognition.Space",8
FALSE,10100224,2001,Paulus M P,NeuroImage,2,Two-Choice Prediction Task vs Two-Choice Response Task (Deactivations),"Cognition.Other,Emotion.Other,Cognition.Space",2
FALSE,10100224,2001,Paulus M P,NeuroImage,3,Activation with the Behaviorally Defined Wins-Stay/Lose-Shift Reference Function (Activations),"Cognition.Other,Emotion.Other,Cognition.Space",1
FALSE,10100224,2001,Paulus M P,NeuroImage,4,Activation with the Behaviorally Defined Wins-Stay/Lose-Shift Reference Function (Deactivations),"Cognition.Other,Emotion.Other,Cognition.Space",1
TRUE,11010007,2007,Forn C,Human Brain Mapping,1,"2-Back > 0-Back, Healthy Controls",Cognition.Memory.Working,10
FALSE,11010007,2007,Forn C,Human Brain Mapping,2,"2-Back > 0-Back, Relapsing-Remitting Multiple Sclerosis Patients",Cognition.Memory.Working,10
FALSE,11010021,2009,Peters J,Journal of Neuroscience,1,"Positive Correlation with Subjective Value of Delayed Reward, Delay Discounting","Cognition.Other,Emotion.Other",25
FALSE,11010021,2009,Peters J,Journal of Neuroscience,2,"Positive Correlation with Subjective Value of Delayed Reward, Delay > Probabilistic Discounting","Cognition.Other,Emotion.Other",8
FALSE,11010021,2009,Peters J,Journal of Neuroscience,3,Subjective Valuation during Probabilistic Discounting,"Cognition.Other,Emotion.Other",59
FALSE,11010021,2009,Peters J,Journal of Neuroscience,4,"Subjective Valuation during Probabilistic Discounting, Probabilistic Discounting > Delay Discounting","Cognition.Other,Emotion.Other",45
FALSE,11010021,2009,Peters J,Journal of Neuroscience,5,Correlation between Subjective Value and both Delay Discounting and Probabilistic Discounting,"Cognition.Other,Emotion.Other",4
FALSE,11010021,2009,Peters J,Journal of Neuroscience,6,"Correlation with Inverse Delay-to-Reward, Orthogonalized with Respect to Subjective Value","Cognition.Other,Emotion.Other",2
FALSE,11010021,2009,Peters J,Journal of Neuroscience,7,"Correlation with Reward Probability, Orthogonalized with Respect to Subjective Value","Cognition.Other,Emotion.Other",32
FALSE,11010021,2009,Peters J,Journal of Neuroscience,8,Subjective Value Correlation Delay Discounting,"Cognition.Other,Emotion.Other",19
FALSE,11010021,2009,Peters J,Journal of Neuroscience,9,Correlation with Inverse Delay-to-Reward,"Cognition.Other,Emotion.Other",13
TRUE,11010021,2009,Peters J,Journal of Neuroscience,10,Correlation with Reward Probability,"Cognition.Other,Emotion.Other",54
FALSE,11010021,2009,Peters J,Journal of Neuroscience,11,"Correlation with Reward Magnitude, Delay Discounting","Cognition.Other,Emotion.Other",15
FALSE,11010021,2009,Peters J,Journal of Neuroscience,12,"Correlation with Reward Magnitude, Probability Discounting","Cognition.Other,Emotion.Other",19
TRUE,11030035,2008,Finger E C,NeuroImage,1,Successful Extinction > Successful Baseline (Control),"Emotion.Other,Cognition.Attention,Action.Inhibition",3
FALSE,11030035,2008,Finger E C,NeuroImage,2,Successful Extinction < Successful Baseline (Control),"Emotion.Other,Cognition.Attention,Action.Inhibition",2
FALSE,11030035,2008,Finger E C,NeuroImage,3,Correct Hits > Correct Avoidance,"Emotion.Other,Cognition.Attention,Action.Inhibition",6
FALSE,11030035,2008,Finger E C,NeuroImage,4,Early Extinction Phase > Late Extinction Phase,"Emotion.Other,Cognition.Attention,Action.Inhibition",8
FALSE,11030035,2008,Finger E C,NeuroImage,5,Extinction > Baseline (Control),"Emotion.Other,Cognition.Attention,Action.Inhibition",2
FALSE,11030035,2008,Finger E C,NeuroImage,6,Response Type x Phase,"Emotion.Other,Cognition.Attention,Action.Inhibition",2
FALSE,11030035,2008,Finger E C,NeuroImage,7,Response x Pair,"Emotion.Other,Cognition.Attention,Action.Inhibition",1
FALSE,11030035,2008,Finger E C,NeuroImage,8,Response x Phase x Pair,"Emotion.Other,Cognition.Attention,Action.Inhibition",1
TRUE,11080065,2009,Ersner-Hershfield H,Social Cognitive and Affective Neuroscience,1,"Regions Correlated with the Full Factorial Model: Main Effect of Person, Self > Other","Cognition.Other,Emotion.Other,Cognition.Social Cognition",31
FALSE,11080065,2009,Ersner-Hershfield H,Social Cognitive and Affective Neuroscience,2,"Regions Correlated with the Full Factorial Model: Main Effect of Time, Current > Future","Cognition.Other,Emotion.Other,Cognition.Social Cognition",7
FALSE,11080065,2009,Ersner-Hershfield H,Social Cognitive and Affective Neuroscience,3,"Regions Correlated with the Full Factorial Model: Valence, Positive > Negative (Activations)","Cognition.Other,Emotion.Other,Cognition.Social Cognition",6
FALSE,11080065,2009,Ersner-Hershfield H,Social Cognitive and Affective Neuroscience,4,"Regions Correlated with the Full Factorial Model: Valence, Positive > Negative (Deactivations)","Cognition.Other,Emotion.Other,Cognition.Social Cognition",1
FALSE,11080065,2009,Ersner-Hershfield H,Social Cognitive and Affective Neuroscience,5,Person x Valence (Deactivations),"Cognition.Other,Emotion.Other,Cognition.Social Cognition",1
FALSE,11080065,2009,Ersner-Hershfield H,Social Cognitive and Affective Neuroscience,6,Time x Valence,"Cognition.Other,Emotion.Other,Cognition.Social Cognition",1
FALSE,11080065,2009,Ersner-Hershfield H,Social Cognitive and Affective Neuroscience,7,Person x Time x Valence (Deactivations),"Cognition.Other,Emotion.Other,Cognition.Social Cognition",6
TRUE,11080069,2010,Grabenhorst F,NeuroImage,1,Regions that Track Pleasantness of Both Temperature and Taste Rewards,"Perception.Somesthesis,Perception.Gustation",3
FALSE,11080069,2010,Grabenhorst F,NeuroImage,2,Regions that Track Pleasantness for Temperature,Perception.Somesthesis,3
TRUE,11080069,2010,Grabenhorst F,NeuroImage,3,Regions that Track Pleasantness for Taste,Perception.Gustation,3
FALSE,11080069,2010,Grabenhorst F,NeuroImage,4,Temperature Stimuli Activations Correlated with Subjective Pleasantness Ratings of Temperature,Perception.Somesthesis,6
FALSE,11080069,2010,Grabenhorst F,NeuroImage,5,Flavor Stimuli Activations Correlated with Subjective Pleasantness Ratings of Flavor,Perception.Gustation,9
FALSE,11080069,2010,Grabenhorst F,NeuroImage,6,Responses to Temperature (Warm and Cold) > Responses to Neutral Control Stimuli,Perception.Somesthesis,6
FALSE,11080069,2010,Grabenhorst F,NeuroImage,7,Responses to Flavor (Vanilla and Strawberry) > Responses to Tasteless Control Stimuli,Perception.Gustation,10
FALSE,11110106,2004,Perlstein W M,Journal of the International Neuropsychological Society,1,TBI Patients > Healthy Controls,Cognition.Memory.Working,1
FALSE,11110106,2004,Perlstein W M,Journal of the International Neuropsychological Society,2,Load (Monotonically Increasing),Cognition.Memory.Working,10
FALSE,11110106,2004,Perlstein W M,Journal of the International Neuropsychological Society,3,Group X Load,Cognition.Memory.Working,7
TRUE,11110106,2004,Perlstein W M,Journal of the International Neuropsychological Society,4,Regions Showing Monotonically Increasing Activity in Healthy Controls,Cognition.Memory.Working,8
FALSE,11110106,2004,Perlstein W M,Journal of the International Neuropsychological Society,5,Regions Showing Monotonically Increasing Activity in TBI Patients,Cognition.Memory.Working,5
FALSE,12040022,2011,Duka T,Biological Psychiatry,1,"A+ or B+ vs. C- or D-, Reward vs. Non Reward","Cognition.Attention,Action.Inhibition,Cognition.Other,Emotion.Other",11
FALSE,12040022,2011,Duka T,Biological Psychiatry,2,"(AB-) - (CD-), Incentive Conflict","Cognition.Attention,Action.Inhibition,Cognition.Other,Emotion.Other",6
TRUE,12040022,2011,Duka T,Biological Psychiatry,3,"(A-) - (A+), Reversal","Cognition.Attention,Action.Inhibition,Cognition.Other,Emotion.Other",2
FALSE,12040022,2011,Duka T,Biological Psychiatry,4,"(A+) - (A-), Reversal","Cognition.Attention,Action.Inhibition,Cognition.Other,Emotion.Other",1
FALSE,14010009,2011,Hampshire A,Cerebral Cortex,1,Peak Activation Coordinates During Reasoning,Cognition.Reasoning,11
TRUE,14010009,2011,Hampshire A,Cerebral Cortex,2,Main Effect of Rule Complexity for Simultaneous Panels,Cognition.Reasoning,9
FALSE,14010009,2011,Hampshire A,Cerebral Cortex,3,Main Effect of Analogical Distance for Simultaneous Panels,Cognition.Reasoning,6
FALSE,14010009,2011,Hampshire A,Cerebral Cortex,4,Rule Complexity - Analogical Distance for Simultaneous Panels,Cognition.Reasoning,9
FALSE,14010009,2011,Hampshire A,Cerebral Cortex,5,Analogical Distance - Rule Complexity for Simultaneous Panels,Cognition.Reasoning,3
FALSE,14010009,2011,Hampshire A,Cerebral Cortex,6,Main Effect of Rule Complexity for Separate Panels,Cognition.Reasoning,5
FALSE,14010009,2011,Hampshire A,Cerebral Cortex,7,Main Effect of Analogical Distance for Separate Panels,Cognition.Reasoning,5
FALSE,14050058,2012,Minamoto T,Brain Research,1,Distractors Forgotten - Remembered,Cognition.Memory.Explicit,19
FALSE,14050058,2012,Minamoto T,Brain Research,2,Distractors Remembered - Forgotten,Cognition.Memory.Explicit,1
TRUE,14050058,2012,Minamoto T,Brain Research,3,Memorandum Remembered - Forgotten,Cognition.Memory.Explicit,19
FALSE,14050058,2012,Minamoto T,Brain Research,4,Functional Connectivity Contrast: Distractors Forgotten - Remembered,Cognition.Memory.Explicit,14
FALSE,14050058,2012,Minamoto T,Brain Research,5,Functional Connectivity Contrast: Distractors Remembered - Forgotten,Cognition.Memory.Explicit,2
FALSE,14070153,2001,McAllister T W,NeuroImage,1,"2-back > 1-back, Control > MTBI",Cognition.Memory.Working,2
FALSE,14070153,2001,McAllister T W,NeuroImage,2,"2-back > 1-back, MTBI > Control",Cognition.Memory.Working,4
TRUE,14070153,2001,McAllister T W,NeuroImage,3,"3-back > 2-back, Control > MTBI",Cognition.Memory.Working,6
FALSE,14070153,2001,McAllister T W,NeuroImage,4,"3-back > 2-back, MTBI > Control",Cognition.Memory.Working,1
FALSE,16050129,2014,Cao Z,NeuroImage,1,"Animal > Object, p < 0.05","Perception.Vision,Cognition.Memory",10
FALSE,16050129,2014,Cao Z,NeuroImage,2,"Object > Animal, p < 0.05","Perception.Vision,Cognition.Memory",7
FALSE,16050129,2014,Cao Z,NeuroImage,3,"Negative > Neutral, p < 0.05","Perception.Vision,Emotion,Cognition.Memory",14
FALSE,16050129,2014,Cao Z,NeuroImage,4,"Neutral > Negative, p < 0.05","Perception.Vision,Emotion,Cognition.Memory",6
FALSE,16050129,2014,Cao Z,NeuroImage,5,"Human > Nonhuman, p < 0.05","Perception.Vision,Cognition.Memory",15
FALSE,16050129,2014,Cao Z,NeuroImage,6,"Nonhuman > Human, p < 0.05","Perception.Vision,Cognition.Memory",3
TRUE,16050129,2014,Cao Z,NeuroImage,7,"Category x Affect, p < 0.05","Perception.Vision,Cognition.Memory",15
FALSE,16050129,2014,Cao Z,NeuroImage,8,"Category x Context, p < 0.05","Perception.Vision,Cognition.Memory",11
FALSE,16050129,2014,Cao Z,NeuroImage,9,"Affect x Context, p < 0.05","Perception.Vision,Cognition.Memory",23
FALSE,16050129,2014,Cao Z,NeuroImage,10,"Category x Affect x Context, p < 0.05","Perception.Vision,Cognition.Memory",6
FALSE,16050129,2014,Cao Z,NeuroImage,11,"Negative > Neutral, p < 0.001","Perception.Vision,Emotion,Cognition.Memory",2
FALSE,16050129,2014,Cao Z,NeuroImage,12,"Human > Nonhuman, p < 0.001","Perception.Vision,Cognition.Memory",2
FALSE,16050129,2014,Cao Z,NeuroImage,13,"Negative > Neutral, p < 0.01","Perception.Vision,Emotion,Cognition.Memory",1
FALSE,16050129,2014,Cao Z,NeuroImage,14,"Neutral > Negative, p < 0.001","Perception.Vision,Emotion,Cognition.Memory",1
FALSE,16050129,2014,Cao Z,NeuroImage,15,"Animal > Object, p < 0.03","Perception.Vision,Cognition.Memory",1
FALSE,16050129,2014,Cao Z,NeuroImage,16,"Animal > Object, p < 0.01","Perception.Vision,Cognition.Memory",1
FALSE,16050129,2014,Cao Z,NeuroImage,17,"Object > Animal, p < 0.01","Perception.Vision,Cognition.Memory",1
FALSE,16050129,2014,Cao Z,NeuroImage,18,"Object > Animal, p < 0.002","Perception.Vision,Cognition.Memory",1
FALSE,16050129,2014,Cao Z,NeuroImage,19,"Animal > Object, p < 0.005","Perception.Vision,Cognition.Memory",1
FALSE,16050129,2014,Cao Z,NeuroImage,20,"Animal > Object, p < 0.001","Perception.Vision,Cognition.Memory",2
FALSE,16050129,2014,Cao Z,NeuroImage,21,"Human > Object, Neutral; p < 0.02","Perception.Vision,Cognition.Memory",1
FALSE,16050129,2014,Cao Z,NeuroImage,22,"Object > Animal, Negative; p < 0.02","Perception.Vision,Cognition.Memory,Emotion",1
FALSE,16050129,2014,Cao Z,NeuroImage,23,"Animal > Object, Negative; p < 0.001","Perception.Vision,Cognition.Memory,Emotion",4
FALSE,16050129,2014,Cao Z,NeuroImage,24,"Object > Animal, Negative; p < 0.001","Perception.Vision,Cognition.Memory,Emotion",4
FALSE,16050129,2014,Cao Z,NeuroImage,25,"Object > Animal, Negative; p < 0.002","Perception.Vision,Cognition.Memory,Emotion",1
FALSE,16050129,2014,Cao Z,NeuroImage,26,"Object > Animal, Negative; p < 0.005","Perception.Vision,Cognition.Memory",1
FALSE,16050129,2014,Cao Z,NeuroImage,27,"Negative > Neutral, p < 0.005","Perception.Vision,Emotion,Cognition.Memory",1
FALSE,16050129,2014,Cao Z,NeuroImage,28,"Human > Nonhuman, p < 0.005","Perception.Vision,Cognition.Memory",1
FALSE,16060154,2007,Scherf K S,Developmental Science,1,"Faces > Other categories, Children",Perception.Vision,1
TRUE,16060154,2007,Scherf K S,Developmental Science,2,"Places > Other categories, Children",Perception.Vision,12
FALSE,16060154,2007,Scherf K S,Developmental Science,3,"Objects > Other categories, Children",Perception.Vision,11
FALSE,16060154,2007,Scherf K S,Developmental Science,4,"Faces > Other categories, Adolescents",Perception.Vision,12
FALSE,16060154,2007,Scherf K S,Developmental Science,5,"Places > Other categories, Adolescents",Perception.Vision,11
FALSE,16060154,2007,Scherf K S,Developmental Science,6,"Objects > Other categories, Adolescents",Perception.Vision,11
FALSE,16060154,2007,Scherf K S,Developmental Science,7,"Faces > Other categories, Adults",Perception.Vision,16
FALSE,16060154,2007,Scherf K S,Developmental Science,8,"Places > Other categories, Adults",Perception.Vision,8
FALSE,16060154,2007,Scherf K S,Developmental Science,9,"Objects > Other categories, Adults",Perception.Vision,10